{"stats":{"minecraft:custom":{"minecraft:interact_with_crafting_table":217,"minecraft:open_barrel":2,"minecraft:time_since_death":10503,"minecraft:leave_game":24,"minecraft:damage_resisted":59,"minecraft:sprint_one_cm":2202163,"minecraft:damage_blocked_by_shield":5807,"minecraft:drop":309,"minecraft:talked_to_villager":4,"minecraft:play_time":856721,"minecraft:deaths":96,"minecraft:jump":10501,"minecraft:walk_on_water_one_cm":44262,"minecraft:enchant_item":3,"minecraft:interact_with_furnace":54,"minecraft:play_record":4,"minecraft:sleep_in_bed":38,"minecraft:waystone_activated":2,"tombstone:sneak_grave":4,"minecraft:damage_dealt":23916,"minecraft:crouch_one_cm":62541,"tombstone:undead_killed":85,"minecraft:interact_with_smoker":1,"minecraft:use_cauldron":6,"minecraft:horse_one_cm":5928,"minecraft:interact_with_smithing_table":1,"minecraft:interact_with_anvil":1,"minecraft:mob_kills":157,"minecraft:inspect_hopper":1,"minecraft:fill_cauldron":1,"minecraft:damage_dealt_resisted":721,"minecraft:climb_one_cm":7377,"minecraft:walk_one_cm":2825817,"minecraft:sneak_time":20167,"minecraft:walk_under_water_one_cm":46552,"minecraft:interact_with_blast_furnace":7,"minecraft:total_world_time":856721,"spartanshields:shield_bash_hits":5,"tombstone:raider_killed":3,"minecraft:interact_with_grindstone":1,"minecraft:interact_with_stonecutter":34,"minecraft:time_since_rest":10220,"minecraft:damage_taken":39616,"minecraft:damage_absorbed":80,"minecraft:swim_one_cm":50826,"minecraft:fly_one_cm":1962061,"minecraft:open_chest":685,"minecraft:fall_one_cm":146742},"minecraft:broken":{"minecraft:iron_shovel":1,"minecraft:iron_boots":3,"minecraft:iron_chestplate":2,"minecraft:iron_leggings":3,"minecraft:diamond_pickaxe":1,"minecraft:shield":1,"minecraft:iron_pickaxe":4,"minecraft:iron_helmet":4,"toughasnails:purified_water_canteen":2,"mutantmonsters:hulk_hammer":1},"minecraft:picked_up":{"minecraft:iron_chestplate":1,"create:polished_cut_calcite_slab":3,"minecraft:flower_pot":2,"create:wrench":1,"tombstone:grave_key":1,"minecraft:brewing_stand":1,"minecraft:string":28,"minecraft:raw_copper":5,"create:limestone":2,"minecraft:explorer_pottery_sherd":1,"minecraft:smooth_stone_slab":10,"minecraft:iron_leggings":1,"create:water_wheel":7,"create:mechanical_press":6,"minecraft:gold_nugget":26,"minecraft:red_sand":16,"minecraft:smooth_stone":106,"minecraft:cobbled_deepslate":112,"minecraft:bucket":1,"minecraft:spruce_planks":1,"minecraft:cobblestone_slab":7,"minecraft:calcite":528,"minecraft:furnace":2,"minecraft:iron_boots":1,"minecraft:stick":3,"minecraft:music_disc_blocks":2,"minecraft:oak_fence":8,"minecraft:torch":43,"create:andesite_casing":40,"minecraft:porkchop":2,"tacz:attachment":3,"minecraft:pointed_dripstone":30,"tombstone:grave_dust":4,"minecraft:cauldron":4,"create:large_cogwheel":4,"mutantmonsters:hulk_hammer":1,"minecraft:andesite_wall":3,"minecraft:quartz_block":18,"minecraft:cactus":2,"minecraft:rotten_flesh":24,"minecraft:cyan_terracotta":72,"minecraft:bookshelf":15,"minecraft:white_terracotta":4,"minecraft:music_disc_wait":2,"mcwdoors:garage_white_door":1,"minecraft:obsidian":5,"minecraft:iron_bars":7,"minecraft:snowball":57,"minecraft:cobblestone":600,"minecraft:birch_log":1,"minecraft:enchanting_table":1,"storagedrawers:oak_full_drawers_4":1,"minecraft:cooked_beef":1,"create:fluid_tank":1,"minecraft:iron_door":4,"minecraft:water_bucket":1,"minecraft:andesite":600,"minecraft:potato":9,"alexsmobs:bison_fur":2,"paraglider:spirit_orb":2,"minecraft:flint":77,"minecraft:tuff":4,"create:raw_zinc":50,"skilltree:gem":85,"mutantmonsters:creeper_minion_tracker":1,"minecraft:lapis_lazuli":170,"minecraft:dirt":236,"create:encased_chain_drive":1,"minecraft:glass":3,"minecraft:bone":39,"minecraft:bow":2,"minecraft:stonecutter":2,"minecraft:wheat_seeds":31,"create:mechanical_drill":2,"minecraft:raw_gold":43,"create:goggles":1,"create:shaft":30,"minecraft:mossy_stone_bricks":3,"tacz:gun_smith_table":4,"minecraft:oak_planks":57,"toughasnails:purified_water_canteen":2,"minecraft:music_disc_13":2,"create:cogwheel":6,"create:empty_blaze_burner":1,"minecraft:oak_pressure_plate":2,"create:copycat_panel":8,"minecraft:sand":99,"mcwbridges:andesite_bridge":5,"create:tiled_glass":8,"minecraft:iron_hoe":1,"minecraft:bundle":1,"minecraft:polished_andesite":91,"minecraft:diamond":20,"minecraft:bone_meal":1,"minecraft:emerald":1,"scalinghealth:cursed_heart":1,"minecraft:bread":5,"minecraft:netherrack":168,"minecraft:oak_sapling":5,"minecraft:crimson_roots":3,"minecraft:diamond_pickaxe":3,"minecraft:crafting_table":5,"minecraft:coarse_dirt":262,"create:polished_cut_calcite":1,"minecraft:diamond_horse_armor":1,"tacz:ammo":543,"create:scorchia":1,"create:chute":1,"minecraft:cracked_stone_bricks":4,"create:calcite_pillar":1,"minecraft:beef":19,"minecraft:sugar_cane":9,"minecraft:chest":3,"minecraft:birch_sapling":1,"minecraft:raw_iron":224,"create:golden_sheet":4,"pointblank:gunmetal_nugget":89,"create:hand_crank":9,"minecraft:carrot":8,"minecraft:redstone":294,"create:vertical_gearbox":13,"create:deployer":1,"minecraft:howl_pottery_sherd":1,"minecraft:arrow":45,"minecraft:nether_bricks":1,"k_turrets:raw_titanium":8,"minecraft:hay_block":62,"pvz_zengarden:zengarden_guide":1,"create:depot":1,"minecraft:gold_ingot":1,"minecraft:saddle":1,"create:cut_calcite_bricks":49,"minecraft:mutton":6,"minecraft:white_wool":5,"minecraft:rail":12,"minecraft:stripped_oak_log":4,"create:iron_sheet":12,"minecraft:burn_pottery_sherd":1,"minecraft:leather":11,"minecraft:birch_planks":8,"minecraft:crimson_fungus":1,"minecraft:oak_log":41,"create:andesite_alloy":2,"toughasnails:purified_water_bottle":1,"farmersdelight:skillet":1,"minecraft:cobblestone_wall":10,"minecraft:gunpowder":21,"create:blaze_burner":11,"scalinghealth:heart_crystal":10,"minecraft:apple":3,"minecraft:stone_bricks":69,"minecraft:kelp":142,"minecraft:iron_ingot":28,"scalinghealth:power_crystal_shard":12,"tombstone:bag_of_seeds":2,"minecraft:arms_up_pottery_sherd":1,"minecraft:iron_sword":7,"minecraft:soul_sand":4,"create:mechanical_saw":1,"minecraft:book":18,"create:mechanical_bearing":2,"minecraft:smooth_basalt":1,"create:large_water_wheel":5,"scalinghealth:heart_crystal_shard":17,"minecraft:stone_brick_slab":2,"minecraft:quartz":42,"minecraft:dandelion":1,"minecraft:dripstone_block":29,"minecraft:gravel":174,"minecraft:white_bed":6,"minecraft:spruce_log":5,"create:gearbox":11,"travelersbackpack:standard":8,"create:millstone":5,"tacz:modern_kinetic_gun":11,"minecraft:chainmail_leggings":3,"create:encased_fan":6,"storagedrawers:oak_full_drawers_2":2,"minecraft:oak_button":4,"tombstone:magic_scroll":2,"minecraft:black_wool":1,"minecraft:coal":80},"minecraft:dropped":{"minecraft:iron_sword":2,"minecraft:oak_pressure_plate":1,"minecraft:cooked_beef":2,"minecraft:cracked_stone_bricks":3,"travelersbackpack:standard":2,"minecraft:rail":12,"minecraft:dirt":96,"minecraft:cyan_terracotta":8,"tombstone:bag_of_seeds":1,"minecraft:yellow_dye":2,"create:scorchia":1,"minecraft:crimson_roots":4,"create:cut_calcite_bricks":1,"create:goggles":1,"minecraft:iron_pickaxe":1,"minecraft:white_wool":2,"minecraft:gold_ingot":5,"minecraft:bone":4,"minecraft:gravel":244,"minecraft:crimson_fungus":2,"minecraft:iron_nugget":1,"minecraft:pointed_dripstone":2,"minecraft:rotten_flesh":8,"minecraft:oak_planks":53,"minecraft:chainmail_chestplate":1,"minecraft:oak_fence_gate":1,"minecraft:gunpowder":5,"minecraft:quartz_block":8,"minecraft:beetroot_seeds":2,"create:limestone":2,"minecraft:iron_bars":5,"minecraft:glass":3,"minecraft:bread":6,"create:andesite_alloy":6,"minecraft:iron_ingot":19,"tacz:attachment":1,"minecraft:water_bucket":1,"minecraft:wheat_seeds":33,"farmersdelight:skillet":1,"scalinghealth:cursed_heart":1,"create:mechanical_saw":1,"minecraft:dripstone_block":3,"minecraft:oak_fence":6,"scalinghealth:heart_crystal_shard":1,"minecraft:cobblestone":8,"minecraft:iron_helmet":1,"minecraft:andesite_wall":4,"minecraft:apple":5,"minecraft:copper_ingot":5,"minecraft:chainmail_helmet":1,"scalinghealth:heart_crystal":1,"minecraft:torch":3,"tombstone:grave_key":3,"skilltree:gem":70,"tombstone:grave_dust":4,"tacz:modern_kinetic_gun":10,"toughasnails:purified_water_canteen":2,"minecraft:string":2,"minecraft:chainmail_leggings":3,"minecraft:bucket":1,"minecraft:smooth_basalt":1,"minecraft:dandelion":1,"create:shaft":3,"minecraft:coarse_dirt":90,"minecraft:cobblestone_wall":7,"minecraft:tuff":3,"minecraft:iron_boots":1,"minecraft:white_terracotta":4,"minecraft:nether_bricks":1,"minecraft:pumpkin_seeds":3,"create:polished_cut_calcite_slab":3,"minecraft:cobblestone_slab":7,"minecraft:flower_pot":2,"minecraft:shield":1,"minecraft:oak_button":3,"create:zinc_ingot":5,"minecraft:iron_chestplate":3,"minecraft:andesite":45,"minecraft:mossy_stone_bricks":3,"toughasnails:purified_water_bottle":1,"minecraft:oak_sapling":15,"storagedrawers:drawer_key":1,"minecraft:stone_bricks":7,"tacz:ammo":78,"minecraft:bow":3,"minecraft:calcite":29,"minecraft:red_sand":10,"minecraft:black_wool":1},"minecraft:killed":{"minecraft:witch":3,"minecraft:spider":4,"minecraft:skeleton":53,"minecraft:piglin":5,"minecraft:pig":1,"minecraft:creeper":12,"minecraft:sheep":5,"minecraft:zombie":30,"minecraft:ghast":1,"mutantmonsters:mutant_creeper":1,"minecraft:cow":7,"minecraft:phantom":6,"minecraft:horse":3,"alexsmobs:bison":1,"alexsmobs:gelada_monkey":2,"mutantmonsters:creeper_minion":1,"mutantmonsters:mutant_zombie":1,"minecraft:wither_skeleton":1},"minecraft:used":{"create:calcite_pillar":9,"create:deployer":2,"minecraft:iron_shovel":412,"minecraft:chest":14,"minecraft:shield":86,"minecraft:iron_sword":352,"create:tiled_glass":19,"minecraft:rotten_flesh":6,"create:mechanical_bearing":3,"create:fluid_tank":12,"create:cogwheel":18,"mcwdoors:garage_white_door":7,"minecraft:carrot":1,"mcwbridges:andesite_bridge":3,"create:depot":4,"minecraft:music_disc_13":2,"minecraft:snowball":91,"minecraft:obsidian":5,"minecraft:glass":7,"minecraft:cyan_terracotta":17,"minecraft:lava_bucket":17,"tombstone:tablet_of_cupidity":1,"minecraft:birch_sapling":1,"minecraft:quartz_block":7,"minecraft:iron_helmet":3,"create:millstone":7,"minecraft:music_disc_wait":1,"minecraft:stone_bricks":96,"create:andesite_funnel":2,"create:polished_cut_calcite":10,"minecraft:bow":47,"create:shaft":67,"mutantmonsters:hulk_hammer":82,"create:steam_engine":2,"minecraft:furnace":2,"create:mechanical_drill":3,"minecraft:potato":63,"minecraft:oak_planks":7,"minecraft:cactus":2,"minecraft:sugar_cane":3,"toughasnails:water_canteen":15,"minecraft:golden_apple":1,"minecraft:sand":3,"spartanshields:diamond_basic_shield":6,"minecraft:stone_brick_wall":1,"minecraft:bread":99,"tombstone:grave_key":19,"minecraft:oak_pressure_plate":5,"minecraft:gravel":5,"minecraft:iron_door":7,"minecraft:diamond_sword":22,"create:basin":1,"create:large_cogwheel":13,"minecraft:birch_log":5,"minecraft:andesite":16,"create:vertical_gearbox":15,"minecraft:bone_meal":78,"minecraft:smooth_stone_slab":4,"minecraft:coarse_dirt":12,"minecraft:oak_fence":1,"minecraft:iron_bars":7,"minecraft:enchanting_table":1,"storagedrawers:oak_full_drawers_2":3,"minecraft:flint_and_steel":2,"toughasnails:water_purifier":1,"tacz:gun_smith_table":4,"minecraft:spruce_planks":1,"minecraft:netherrack":99,"minecraft:torch":435,"minecraft:brewing_stand":1,"create:mechanical_pump":1,"minecraft:dirt":77,"create:mechanical_mixer":1,"scalinghealth:heart_crystal":1,"toughasnails:empty_canteen":3,"create:copycat_panel":28,"minecraft:cobblestone_wall":3,"minecraft:oak_fence_gate":6,"create:chute":2,"minecraft:andesite_wall":1,"minecraft:stone_brick_slab":6,"minecraft:bookshelf":15,"create:wrench":176,"create:gearbox":20,"minecraft:iron_axe":201,"minecraft:iron_boots":1,"create:encased_chain_drive":10,"tombstone:gift":10,"create:fluid_pipe":3,"mcwbridges:andesite_bridge_stair":4,"minecraft:cooked_beef":6,"minecraft:cobbled_deepslate":32,"minecraft:iron_leggings":2,"minecraft:calcite":205,"minecraft:wheat_seeds":66,"minecraft:cooked_mutton":6,"minecraft:water_bucket":74,"minecraft:birch_planks":2,"minecraft:glass_bottle":73,"create:empty_blaze_burner":9,"minecraft:polished_andesite":262,"minecraft:cauldron":1,"minecraft:stonecutter":2,"minecraft:cobblestone_slab":6,"create:blaze_burner":16,"minecraft:cracked_stone_bricks":3,"create:cut_calcite_bricks":303,"minecraft:rail":1,"create:encased_fan":8,"minecraft:crafting_table":11,"create:mechanical_harvester":5,"minecraft:white_bed":6,"minecraft:spruce_log":6,"minecraft:oak_log":33,"tombstone:bag_of_seeds":1,"create:linear_chassis":6,"minecraft:diamond_pickaxe":2296,"minecraft:apple":16,"create:mechanical_press":8,"minecraft:oak_button":11,"minecraft:iron_pickaxe":1006,"tombstone:magic_scroll":2,"create:water_wheel":8,"minecraft:music_disc_blocks":1,"create:large_water_wheel":6,"create:polished_cut_calcite_slab":18,"storagedrawers:oak_full_drawers_4":1,"minecraft:cobblestone":191,"minecraft:potion":3,"travelersbackpack:standard":5,"toughasnails:purified_water_bottle":47,"toughasnails:purified_water_canteen":12,"minecraft:bucket":92,"storagedrawers:drawer_key":15,"create:hand_crank":9,"minecraft:stripped_oak_log":4,"minecraft:jukebox":1,"minecraft:smooth_stone":505},"minecraft:crafted":{"create:tiled_glass":10,"minecraft:oak_planks":380,"minecraft:cobblestone_slab":6,"minecraft:barrel":11,"minecraft:oak_pressure_plate":4,"minecraft:birch_slab":6,"create:mechanical_harvester":5,"create:mechanical_bearing":1,"create:deployer":1,"minecraft:cooked_mutton":6,"mcwbridges:andesite_bridge":8,"create:vertical_gearbox":1,"minecraft:glass":53,"minecraft:stone_brick_slab":4,"create:andesite_funnel":2,"minecraft:bow":1,"minecraft:iron_boots":3,"create:mechanical_press":1,"minecraft:chest":15,"minecraft:oak_button":9,"minecraft:iron_door":3,"minecraft:copper_block":2,"minecraft:stone_bricks":16,"create:cogwheel":60,"minecraft:oak_fence":3,"create:brass_hand":1,"minecraft:glass_bottle":12,"minecraft:oak_slab":48,"create:depot":3,"create:rose_quartz":1,"minecraft:crafting_table":7,"minecraft:spruce_planks":37,"create:mechanical_saw":3,"minecraft:iron_helmet":2,"create:fluid_pipe":4,"create:cut_calcite_bricks":5,"minecraft:wooden_pickaxe":1,"travelersbackpack:standard":2,"create:sand_paper":1,"minecraft:hay_block":7,"minecraft:birch_planks":18,"create:encased_chain_drive":9,"create:mechanical_mixer":1,"create:gearbox":11,"create:encased_fan":2,"minecraft:tnt":1,"create:polished_cut_calcite_slab":12,"minecraft:iron_chestplate":1,"minecraft:paper":3,"minecraft:diamond_pickaxe":1,"minecraft:charcoal":1,"create:water_wheel":4,"toughasnails:water_purifier":1,"minecraft:shield":2,"create:super_glue":1,"minecraft:stick":69,"create:mechanical_pump":1,"minecraft:iron_ingot":18,"minecraft:iron_pickaxe":1,"minecraft:iron_block":1,"storagedrawers:oak_full_drawers_2":2,"spartanshields:wooden_basic_shield":1,"storagedrawers:drawer_key":1,"create:large_cogwheel":7,"create:propeller":2,"storagedrawers:upgrade_template":4,"mcwdoors:garage_white_door":6,"create:empty_blaze_burner":9,"toughasnails:empty_canteen":1,"minecraft:polished_andesite":50,"create:chute":4,"minecraft:stone_brick_wall":1,"create:wrench":1,"create:steam_engine":2,"minecraft:jukebox":1,"minecraft:iron_nugget":198,"create:calcite_pillar":1,"minecraft:bone_meal":26,"spartanshields:diamond_basic_shield":1,"minecraft:andesite_wall":6,"mcwbridges:andesite_bridge_stair":6,"minecraft:flint_and_steel":1,"travelersbackpack:white_sleeping_bag":2,"minecraft:iron_axe":1,"minecraft:slime_ball":2,"create:millstone":2,"create:fluid_tank":11,"create:basin":1,"create:electron_tube":1,"minecraft:wheat":333,"minecraft:cooked_beef":7,"create:andesite_alloy":131,"create:hand_crank":1,"minecraft:diamond_sword":1,"travelersbackpack:backpack_tank":4,"minecraft:iron_sword":1,"create:goggles":1,"create:large_water_wheel":1,"scalinghealth:heart_crystal":1,"minecraft:bucket":1,"minecraft:air":1337,"minecraft:bread":91,"minecraft:oak_fence_gate":7,"create:whisk":1,"minecraft:gold_nugget":9,"minecraft:andesite_slab":6,"create:linear_chassis":9,"minecraft:iron_shovel":2,"minecraft:iron_leggings":1,"create:mechanical_drill":1,"create:shaft":56,"minecraft:torch":101,"minecraft:lapis_lazuli":1,"minecraft:lapis_block":16},"minecraft:mined":{"create:deepslate_zinc_ore":17,"minecraft:spruce_planks":1,"minecraft:white_bed":6,"minecraft:farmland":1,"create:andesite_casing":40,"create:cut_calcite_bricks":36,"minecraft:potted_cactus":2,"minecraft:brewing_stand":1,"minecraft:red_sand":16,"minecraft:grass_block":80,"minecraft:crimson_fungus":1,"tacz:gun_smith_table":3,"create:tiled_glass":5,"minecraft:spawner":1,"minecraft:light_blue_stained_glass":2,"minecraft:smooth_stone":99,"minecraft:tall_seagrass":2,"minecraft:iron_ore":146,"minecraft:fire":4,"minecraft:deepslate_lapis_ore":9,"create:calcite_pillar":1,"minecraft:pointed_dripstone":1,"minecraft:water_cauldron":4,"minecraft:iron_bars":7,"create:mechanical_press":6,"minecraft:deepslate_redstone_ore":62,"create:cogwheel":7,"minecraft:quartz_block":20,"minecraft:cyan_terracotta":70,"create:steam_engine":1,"minecraft:kelp_plant":17,"minecraft:crimson_nylium":7,"minecraft:soul_fire":5,"scalinghealth:deepslate_heart_crystal_ore":5,"minecraft:torch":10,"minecraft:calcite":569,"minecraft:chest":4,"minecraft:glass":6,"minecraft:nether_quartz_ore":44,"minecraft:cobblestone":114,"minecraft:sugar_cane":4,"minecraft:oak_planks":5,"minecraft:iron_door":3,"minecraft:wall_torch":16,"create:large_water_wheel":5,"minecraft:seagrass":4,"minecraft:white_terracotta":4,"farmersdelight:sandy_shrub":1,"minecraft:wheat":15,"create:copycat_panel":8,"storagedrawers:oak_full_drawers_2":2,"minecraft:smooth_stone_slab":5,"minecraft:grass":13,"minecraft:oak_log":29,"minecraft:oak_fence_gate":5,"create:hand_crank":7,"minecraft:sand":99,"minecraft:dirt":77,"create:encased_chain_drive":1,"minecraft:smooth_basalt":1,"minecraft:stonecutter":2,"minecraft:netherrack":168,"minecraft:deepslate":115,"minecraft:oak_leaves":7,"create:zinc_ore":33,"minecraft:yellow_terracotta":1,"minecraft:nether_gold_ore":7,"minecraft:tuff":5,"create:millstone":5,"minecraft:deepslate_diamond_ore":20,"farmersdelight:wild_carrots":1,"minecraft:glow_lichen":1,"minecraft:nether_bricks":1,"mcwdoors:garage_white_door":1,"create:large_cogwheel":4,"minecraft:decorated_pot":1,"minecraft:crimson_roots":2,"mcwbridges:andesite_bridge":5,"create:depot":1,"create:encased_fan":6,"create:polished_cut_calcite_slab":1,"minecraft:spruce_leaves":2,"minecraft:moss_block":2,"minecraft:hay_block":62,"minecraft:redstone_ore":3,"create:shaft":26,"minecraft:furnace":2,"minecraft:carrots":8,"minecraft:snow":2,"minecraft:andesite":588,"create:scorchia":1,"minecraft:green_terracotta":1,"minecraft:bookshelf":6,"minecraft:potatoes":4,"minecraft:deepslate_iron_ore":83,"minecraft:cobblestone_slab":6,"minecraft:vine":1,"create:chute":1,"minecraft:stripped_oak_log":4,"create:deployer":1,"minecraft:stone":493,"create:polished_cut_calcite":1,"minecraft:glass_pane":2,"minecraft:soul_sand":4,"minecraft:stone_brick_slab":2,"travelersbackpack:standard":7,"minecraft:crafting_table":5,"minecraft:emerald_ore":1,"minecraft:andesite_wall":1,"create:water_wheel":7,"minecraft:copper_ore":2,"minecraft:tall_grass":4,"minecraft:deepslate_gold_ore":31,"minecraft:lapis_ore":17,"create:blaze_burner":12,"minecraft:birch_planks":8,"minecraft:coarse_dirt":259,"minecraft:cobblestone_wall":10,"create:gearbox":19,"minecraft:ice":3,"minecraft:spruce_log":5,"create:mechanical_drill":2,"k_turrets:titanium_ore":8,"create:mechanical_bearing":2,"minecraft:coal_ore":81,"minecraft:gravel":46,"minecraft:dripstone_block":16,"minecraft:cobweb":26,"minecraft:cracked_stone_bricks":4,"minecraft:stone_bricks":69,"minecraft:polished_andesite":88,"minecraft:mossy_stone_bricks":3,"minecraft:gold_ore":12},"minecraft:killed_by":{"endofherobrine:cow":1,"mutantmonsters:mutant_zombie":2,"minecraft:wither_skeleton":3,"minecraft:creeper":8,"mutantmonsters:mutant_creeper":3,"minecraft:piglin":3,"minecraft:zombie":15,"minecraft:spider":3,"minecraft:enderman":1,"alexsmobs:gelada_monkey":1,"minecraft:hoglin":1,"mutantmonsters:mutant_skeleton":1,"minecraft:skeleton":40}},"DataVersion":3465}