{"stats":{"minecraft:custom":{"minecraft:interact_with_crafting_table":233,"minecraft:open_barrel":2,"minecraft:leave_game":27,"minecraft:time_since_death":66242,"minecraft:damage_blocked_by_shield":5807,"minecraft:play_time":912460,"minecraft:deaths":96,"minecraft:jump":10990,"minecraft:enchant_item":5,"minecraft:interact_with_furnace":54,"minecraft:play_record":4,"minecraft:sleep_in_bed":39,"minecraft:waystone_activated":2,"tombstone:sneak_grave":4,"minecraft:damage_dealt":23916,"tombstone:undead_killed":85,"minecraft:interact_with_smoker":1,"minecraft:horse_one_cm":5928,"minecraft:use_cauldron":6,"minecraft:interact_with_smithing_table":1,"minecraft:interact_with_anvil":2,"minecraft:inspect_hopper":1,"minecraft:sneak_time":21248,"minecraft:interact_with_blast_furnace":7,"minecraft:total_world_time":912460,"tombstone:raider_killed":3,"minecraft:interact_with_stonecutter":35,"minecraft:time_since_rest":34711,"minecraft:swim_one_cm":50826,"minecraft:fly_one_cm":2063660,"minecraft:open_chest":770,"minecraft:fall_one_cm":149507,"minecraft:damage_resisted":59,"minecraft:sprint_one_cm":2319516,"minecraft:drop":315,"minecraft:talked_to_villager":4,"minecraft:walk_on_water_one_cm":44262,"minecraft:crouch_one_cm":66576,"minecraft:mob_kills":157,"minecraft:fill_cauldron":1,"minecraft:damage_dealt_resisted":721,"minecraft:climb_one_cm":7517,"minecraft:walk_one_cm":2978653,"minecraft:walk_under_water_one_cm":46552,"spartanshields:shield_bash_hits":5,"minecraft:interact_with_grindstone":1,"minecraft:damage_taken":39703,"minecraft:damage_absorbed":80},"minecraft:broken":{"minecraft:golden_boots":1,"minecraft:iron_boots":3,"minecraft:iron_chestplate":2,"minecraft:iron_leggings":3,"minecraft:diamond_pickaxe":1,"minecraft:shield":1,"minecraft:iron_axe":1,"minecraft:iron_pickaxe":4,"minecraft:iron_helmet":4,"toughasnails:purified_water_canteen":3,"mutantmonsters:hulk_hammer":1,"minecraft:iron_shovel":1,"create:sand_paper":1},"minecraft:picked_up":{"minecraft:iron_chestplate":1,"create:polished_cut_calcite_slab":3,"minecraft:flower_pot":2,"create:wrench":1,"minecraft:brewing_stand":1,"minecraft:string":28,"create:limestone":2,"minecraft:explorer_pottery_sherd":1,"create:water_wheel":7,"minecraft:cobbled_deepslate":112,"minecraft:gold_nugget":26,"minecraft:spruce_planks":1,"minecraft:music_disc_blocks":2,"create:andesite_casing":60,"minecraft:cauldron":4,"minecraft:cyan_terracotta":72,"minecraft:bookshelf":15,"minecraft:white_terracotta":4,"mcwdoors:garage_white_door":1,"minecraft:iron_bars":7,"minecraft:snowball":57,"minecraft:birch_log":1,"storagedrawers:oak_full_drawers_4":1,"minecraft:cooked_beef":1,"minecraft:oxidized_copper":3,"minecraft:iron_door":4,"minecraft:water_bucket":1,"alexsmobs:bison_fur":2,"minecraft:flint":77,"create:encased_chain_drive":1,"minecraft:stonecutter":2,"create:mechanical_drill":2,"create:goggles":1,"create:shaft":31,"tacz:gun_smith_table":4,"create:empty_blaze_burner":1,"create:copycat_panel":8,"mcwbridges:andesite_bridge":5,"create:tiled_glass":8,"minecraft:barrel":1,"minecraft:bundle":1,"minecraft:iron_hoe":1,"minecraft:polished_andesite":104,"minecraft:bread":5,"minecraft:crimson_roots":3,"minecraft:diamond_pickaxe":3,"minecraft:coarse_dirt":262,"minecraft:crafting_table":5,"create:scorchia":1,"tacz:ammo":543,"minecraft:cracked_stone_bricks":4,"minecraft:beef":19,"minecraft:chest":3,"minecraft:birch_sapling":1,"pointblank:gunmetal_nugget":89,"minecraft:carrot":8,"minecraft:redstone":295,"create:brass_casing":7,"create:vertical_gearbox":13,"minecraft:hay_block":62,"pvz_zengarden:zengarden_guide":1,"create:depot":1,"minecraft:gold_ingot":1,"create:cut_calcite_bricks":49,"minecraft:mutton":6,"minecraft:rail":12,"minecraft:white_wool":5,"minecraft:stripped_oak_log":4,"create:iron_sheet":12,"minecraft:oak_log":42,"toughasnails:purified_water_bottle":1,"farmersdelight:skillet":1,"minecraft:stone_bricks":69,"minecraft:apple":3,"minecraft:kelp":142,"scalinghealth:power_crystal_shard":12,"tombstone:bag_of_seeds":2,"minecraft:arms_up_pottery_sherd":1,"minecraft:iron_sword":7,"create:mechanical_saw":1,"minecraft:smooth_basalt":1,"minecraft:gravel":174,"minecraft:spruce_log":5,"create:gearbox":11,"travelersbackpack:standard":8,"create:millstone":5,"tacz:modern_kinetic_gun":11,"storagedrawers:oak_full_drawers_2":2,"minecraft:oak_button":4,"create:mechanical_crafter":3,"tombstone:grave_key":1,"minecraft:raw_copper":5,"minecraft:smooth_stone_slab":10,"minecraft:iron_leggings":1,"minecraft:bucket":1,"minecraft:red_sand":16,"create:mechanical_press":6,"minecraft:smooth_stone":139,"minecraft:cobblestone_slab":7,"minecraft:calcite":528,"minecraft:iron_boots":1,"minecraft:furnace":2,"minecraft:stick":3,"minecraft:oak_fence":8,"minecraft:torch":45,"minecraft:porkchop":2,"tacz:attachment":3,"tombstone:grave_dust":4,"minecraft:pointed_dripstone":30,"create:large_cogwheel":4,"mutantmonsters:hulk_hammer":1,"minecraft:andesite_wall":3,"minecraft:quartz_block":18,"minecraft:cactus":2,"minecraft:rotten_flesh":24,"minecraft:music_disc_wait":2,"minecraft:obsidian":5,"minecraft:cobblestone":608,"minecraft:enchanting_table":1,"create:fluid_tank":1,"minecraft:andesite":757,"minecraft:potato":9,"paraglider:spirit_orb":2,"minecraft:tuff":5,"create:raw_zinc":50,"minecraft:dirt":237,"minecraft:lapis_lazuli":170,"skilltree:gem":85,"mutantmonsters:creeper_minion_tracker":1,"minecraft:glass":3,"minecraft:bone":39,"minecraft:bow":2,"minecraft:wheat_seeds":31,"minecraft:raw_gold":43,"minecraft:mossy_stone_bricks":3,"minecraft:oak_planks":57,"toughasnails:purified_water_canteen":2,"minecraft:music_disc_13":2,"create:cogwheel":7,"minecraft:oak_pressure_plate":2,"minecraft:sand":99,"minecraft:diamond":20,"minecraft:bone_meal":1,"scalinghealth:cursed_heart":1,"minecraft:emerald":1,"minecraft:oak_sapling":5,"minecraft:netherrack":168,"create:polished_cut_calcite":1,"minecraft:diamond_horse_armor":1,"create:chute":1,"create:calcite_pillar":1,"minecraft:sugar_cane":9,"minecraft:raw_iron":224,"create:golden_sheet":4,"create:hand_crank":9,"create:deployer":1,"minecraft:howl_pottery_sherd":1,"minecraft:arrow":45,"minecraft:nether_bricks":1,"k_turrets:raw_titanium":8,"minecraft:saddle":1,"minecraft:burn_pottery_sherd":1,"minecraft:leather":11,"minecraft:birch_planks":8,"minecraft:crimson_fungus":1,"create:andesite_alloy":2,"minecraft:gunpowder":21,"minecraft:cobblestone_wall":10,"create:blaze_burner":11,"scalinghealth:heart_crystal":10,"minecraft:iron_ingot":28,"minecraft:soul_sand":4,"minecraft:book":18,"scalinghealth:heart_crystal_shard":17,"create:mechanical_bearing":2,"create:large_water_wheel":5,"minecraft:stone_brick_slab":2,"minecraft:quartz":42,"minecraft:dandelion":1,"minecraft:dripstone_block":29,"minecraft:white_bed":6,"minecraft:chainmail_leggings":3,"create:encased_fan":6,"tombstone:magic_scroll":2,"minecraft:black_wool":1,"minecraft:coal":80},"minecraft:dropped":{"minecraft:iron_sword":2,"minecraft:oak_pressure_plate":1,"minecraft:cooked_beef":2,"minecraft:cracked_stone_bricks":3,"minecraft:rail":12,"minecraft:dirt":96,"minecraft:yellow_dye":2,"create:scorchia":1,"create:cut_calcite_bricks":1,"create:goggles":1,"minecraft:iron_pickaxe":1,"minecraft:white_wool":2,"minecraft:bone":4,"minecraft:iron_nugget":1,"minecraft:rotten_flesh":8,"minecraft:oak_planks":53,"minecraft:quartz_block":8,"create:limestone":2,"minecraft:glass":3,"tacz:attachment":1,"minecraft:iron_ingot":19,"minecraft:wheat_seeds":33,"farmersdelight:skillet":1,"minecraft:dripstone_block":3,"minecraft:oak_fence":6,"minecraft:iron_helmet":1,"minecraft:cobblestone":8,"minecraft:apple":5,"minecraft:chainmail_helmet":1,"skilltree:gem":70,"minecraft:chainmail_leggings":3,"minecraft:string":2,"minecraft:cobblestone_wall":7,"minecraft:iron_boots":1,"minecraft:white_terracotta":4,"minecraft:nether_bricks":1,"minecraft:pumpkin_seeds":3,"create:polished_cut_calcite_slab":3,"minecraft:cobblestone_slab":7,"minecraft:flower_pot":2,"create:zinc_ingot":15,"minecraft:diamond_pickaxe":1,"minecraft:stone_bricks":7,"tacz:ammo":78,"minecraft:red_sand":10,"minecraft:bow":3,"minecraft:black_wool":1,"travelersbackpack:standard":2,"minecraft:cyan_terracotta":8,"tombstone:bag_of_seeds":1,"minecraft:crimson_roots":4,"minecraft:gold_ingot":5,"minecraft:gravel":244,"minecraft:crimson_fungus":2,"minecraft:pointed_dripstone":2,"minecraft:chainmail_chestplate":1,"minecraft:oak_fence_gate":1,"minecraft:gunpowder":5,"minecraft:beetroot_seeds":2,"minecraft:chest":16,"minecraft:iron_bars":5,"create:andesite_alloy":6,"minecraft:water_bucket":1,"minecraft:bread":6,"create:mechanical_saw":1,"scalinghealth:cursed_heart":1,"scalinghealth:heart_crystal_shard":1,"minecraft:andesite_wall":4,"minecraft:copper_ingot":15,"minecraft:torch":3,"scalinghealth:heart_crystal":1,"tombstone:grave_key":3,"tombstone:grave_dust":4,"tacz:modern_kinetic_gun":10,"toughasnails:purified_water_canteen":2,"minecraft:bucket":1,"minecraft:dandelion":1,"minecraft:smooth_basalt":1,"create:shaft":3,"minecraft:coarse_dirt":90,"minecraft:tuff":5,"minecraft:shield":1,"minecraft:oak_button":3,"minecraft:iron_chestplate":3,"minecraft:andesite":45,"minecraft:mossy_stone_bricks":3,"toughasnails:purified_water_bottle":1,"minecraft:oak_sapling":15,"storagedrawers:drawer_key":1,"minecraft:calcite":29},"minecraft:killed":{"minecraft:skeleton":53,"minecraft:zombie":30,"mutantmonsters:mutant_creeper":1,"minecraft:cow":7,"minecraft:horse":3,"alexsmobs:gelada_monkey":2,"mutantmonsters:creeper_minion":1,"minecraft:witch":3,"minecraft:spider":4,"minecraft:piglin":5,"minecraft:pig":1,"minecraft:creeper":12,"minecraft:sheep":5,"minecraft:ghast":1,"minecraft:phantom":6,"alexsmobs:bison":1,"mutantmonsters:mutant_zombie":1,"minecraft:wither_skeleton":1},"minecraft:used":{"create:deployer":2,"minecraft:chest":16,"create:tiled_glass":19,"minecraft:rotten_flesh":6,"create:fluid_tank":12,"create:mechanical_crafter":24,"create:depot":4,"minecraft:snowball":91,"minecraft:lava_bucket":17,"minecraft:birch_sapling":1,"minecraft:quartz_block":7,"minecraft:music_disc_wait":1,"create:andesite_funnel":2,"create:polished_cut_calcite":10,"minecraft:bow":47,"create:shaft":67,"mutantmonsters:hulk_hammer":82,"create:steam_engine":2,"minecraft:furnace":2,"minecraft:potato":63,"minecraft:cactus":2,"minecraft:golden_apple":1,"minecraft:sand":3,"spartanshields:diamond_basic_shield":6,"minecraft:oak_pressure_plate":5,"minecraft:diamond_sword":22,"create:basin":1,"minecraft:birch_log":5,"minecraft:enchanting_table":1,"minecraft:iron_bars":7,"storagedrawers:oak_full_drawers_2":3,"toughasnails:water_purifier":1,"minecraft:netherrack":99,"minecraft:torch":438,"minecraft:brewing_stand":1,"minecraft:oak_fence_gate":6,"create:wrench":176,"create:gearbox":20,"minecraft:iron_axe":233,"minecraft:barrel":1,"create:encased_chain_drive":10,"create:fluid_pipe":3,"tombstone:gift":10,"minecraft:cobbled_deepslate":32,"minecraft:calcite":205,"minecraft:wheat_seeds":66,"minecraft:water_bucket":75,"minecraft:birch_planks":2,"minecraft:cauldron":1,"create:blaze_burner":16,"minecraft:cracked_stone_bricks":3,"minecraft:rail":1,"create:encased_fan":8,"minecraft:crafting_table":11,"minecraft:white_bed":6,"minecraft:spruce_log":6,"minecraft:oak_log":61,"minecraft:diamond_pickaxe":2522,"minecraft:oak_button":11,"minecraft:iron_pickaxe":1006,"create:water_wheel":8,"tombstone:magic_scroll":2,"minecraft:music_disc_blocks":1,"minecraft:cobblestone":191,"minecraft:potion":3,"travelersbackpack:standard":9,"storagedrawers:oak_full_drawers_4":1,"toughasnails:purified_water_canteen":18,"minecraft:stripped_oak_log":4,"minecraft:jukebox":1,"create:calcite_pillar":9,"minecraft:iron_shovel":415,"minecraft:shield":86,"minecraft:iron_sword":352,"create:mechanical_bearing":3,"mcwdoors:garage_white_door":7,"create:cogwheel":20,"minecraft:carrot":1,"mcwbridges:andesite_bridge":3,"minecraft:music_disc_13":2,"minecraft:obsidian":5,"minecraft:glass":7,"minecraft:cyan_terracotta":17,"tombstone:tablet_of_cupidity":1,"minecraft:iron_helmet":3,"create:millstone":7,"minecraft:stone_bricks":96,"create:mechanical_drill":3,"minecraft:oak_planks":7,"minecraft:diamond_axe":23,"minecraft:sugar_cane":3,"toughasnails:water_canteen":15,"minecraft:stone_brick_wall":1,"minecraft:lever":1,"minecraft:bread":105,"tombstone:grave_key":19,"minecraft:iron_door":7,"minecraft:gravel":5,"minecraft:andesite":16,"minecraft:smooth_stone_slab":4,"create:vertical_gearbox":15,"minecraft:coarse_dirt":12,"minecraft:bone_meal":78,"create:large_cogwheel":13,"minecraft:oak_fence":1,"minecraft:flint_and_steel":2,"minecraft:redstone":1,"tacz:gun_smith_table":4,"minecraft:spruce_planks":1,"create:mechanical_pump":1,"minecraft:dirt":77,"scalinghealth:heart_crystal":1,"create:mechanical_mixer":1,"toughasnails:empty_canteen":4,"create:copycat_panel":28,"minecraft:cobblestone_wall":3,"create:chute":2,"minecraft:andesite_wall":1,"minecraft:stone_brick_slab":6,"minecraft:bookshelf":15,"minecraft:iron_boots":1,"mcwbridges:andesite_bridge_stair":4,"minecraft:cooked_beef":6,"minecraft:iron_leggings":2,"create:gearshift":1,"minecraft:cooked_mutton":6,"minecraft:glass_bottle":73,"minecraft:polished_andesite":420,"create:empty_blaze_burner":9,"minecraft:stonecutter":2,"minecraft:cobblestone_slab":6,"create:cut_calcite_bricks":303,"create:mechanical_harvester":5,"tombstone:bag_of_seeds":1,"create:linear_chassis":6,"minecraft:apple":16,"create:mechanical_press":8,"create:large_water_wheel":6,"create:polished_cut_calcite_slab":18,"toughasnails:purified_water_bottle":47,"minecraft:bucket":93,"create:hand_crank":9,"storagedrawers:drawer_key":15,"minecraft:smooth_stone":559},"minecraft:crafted":{"minecraft:oak_pressure_plate":4,"minecraft:birch_slab":6,"minecraft:lever":1,"create:item_vault":9,"minecraft:cooked_mutton":6,"mcwbridges:andesite_bridge":8,"create:vertical_gearbox":1,"minecraft:glass":53,"create:andesite_funnel":2,"create:mechanical_press":1,"minecraft:iron_door":3,"create:brass_funnel":4,"create:cogwheel":136,"minecraft:glass_bottle":12,"create:rose_quartz":10,"minecraft:diamond_axe":1,"create:cut_calcite_bricks":5,"travelersbackpack:standard":2,"minecraft:hay_block":7,"create:encased_chain_drive":10,"create:mechanical_mixer":1,"create:gearbox":29,"create:encased_fan":2,"minecraft:iron_pickaxe":1,"minecraft:iron_block":1,"storagedrawers:oak_full_drawers_2":2,"create:large_cogwheel":9,"storagedrawers:drawer_key":1,"spartanshields:wooden_basic_shield":1,"create:propeller":2,"storagedrawers:upgrade_template":4,"mcwdoors:garage_white_door":6,"create:wrench":1,"minecraft:jukebox":1,"minecraft:iron_nugget":211,"create:calcite_pillar":1,"minecraft:bone_meal":26,"minecraft:andesite_wall":6,"mcwbridges:andesite_bridge_stair":6,"travelersbackpack:white_sleeping_bag":2,"create:electron_tube":10,"minecraft:wheat":333,"create:goggles":1,"minecraft:oak_fence_gate":7,"minecraft:andesite_slab":6,"minecraft:iron_shovel":2,"minecraft:iron_leggings":1,"create:shaft":129,"create:tiled_glass":10,"minecraft:oak_planks":693,"minecraft:cobblestone_slab":6,"minecraft:barrel":21,"create:mechanical_harvester":5,"create:mechanical_bearing":1,"create:deployer":1,"minecraft:stone_brick_slab":4,"minecraft:bow":1,"minecraft:iron_boots":3,"minecraft:chest":34,"minecraft:oak_button":9,"minecraft:copper_block":2,"minecraft:stone_bricks":16,"minecraft:oak_fence":3,"create:brass_hand":1,"create:depot":3,"minecraft:oak_slab":96,"minecraft:crafting_table":14,"minecraft:spruce_planks":37,"create:mechanical_saw":3,"minecraft:wooden_pickaxe":1,"create:fluid_pipe":4,"minecraft:iron_helmet":2,"create:sand_paper":2,"minecraft:birch_planks":18,"create:gearshift":1,"minecraft:tnt":1,"create:polished_cut_calcite_slab":12,"minecraft:iron_chestplate":1,"minecraft:paper":3,"minecraft:charcoal":1,"minecraft:diamond_pickaxe":1,"create:water_wheel":4,"toughasnails:water_purifier":1,"minecraft:shield":2,"create:super_glue":1,"minecraft:stick":70,"create:mechanical_pump":1,"minecraft:iron_ingot":18,"create:empty_blaze_burner":9,"toughasnails:empty_canteen":1,"minecraft:polished_andesite":89,"create:chute":4,"minecraft:stone_brick_wall":1,"create:steam_engine":2,"spartanshields:diamond_basic_shield":1,"minecraft:flint_and_steel":1,"minecraft:iron_axe":1,"create:millstone":2,"minecraft:slime_ball":2,"create:fluid_tank":11,"create:basin":1,"minecraft:cooked_beef":7,"create:andesite_alloy":195,"create:hand_crank":1,"minecraft:diamond_sword":1,"travelersbackpack:backpack_tank":4,"minecraft:iron_sword":1,"create:large_water_wheel":1,"scalinghealth:heart_crystal":1,"minecraft:bucket":1,"minecraft:bread":91,"minecraft:air":1696,"create:whisk":1,"minecraft:gold_nugget":9,"create:linear_chassis":9,"create:mechanical_crafter":21,"create:mechanical_drill":1,"minecraft:torch":101,"minecraft:lapis_lazuli":1,"minecraft:lapis_block":16},"minecraft:mined":{"minecraft:white_bed":6,"create:andesite_casing":60,"create:cut_calcite_bricks":36,"minecraft:red_sand":16,"minecraft:crimson_fungus":1,"tacz:gun_smith_table":3,"minecraft:spawner":1,"minecraft:light_blue_stained_glass":2,"minecraft:tall_seagrass":2,"minecraft:fire":4,"minecraft:barrel":1,"minecraft:deepslate_lapis_ore":9,"create:calcite_pillar":1,"minecraft:water_cauldron":4,"create:mechanical_press":6,"create:cogwheel":8,"minecraft:kelp_plant":17,"minecraft:crimson_nylium":7,"minecraft:soul_fire":5,"scalinghealth:deepslate_heart_crystal_ore":5,"minecraft:torch":10,"minecraft:oxidized_copper":3,"minecraft:glass":6,"minecraft:sugar_cane":4,"minecraft:white_terracotta":4,"minecraft:wheat":15,"create:copycat_panel":8,"storagedrawers:oak_full_drawers_2":2,"minecraft:grass":13,"minecraft:oak_fence_gate":5,"create:hand_crank":7,"minecraft:smooth_basalt":1,"minecraft:stonecutter":2,"minecraft:deepslate":115,"create:zinc_ore":33,"minecraft:yellow_terracotta":1,"create:millstone":5,"farmersdelight:wild_carrots":1,"minecraft:nether_bricks":1,"minecraft:crimson_roots":2,"mcwbridges:andesite_bridge":5,"minecraft:redstone_wire":1,"create:encased_fan":6,"create:polished_cut_calcite_slab":1,"minecraft:moss_block":2,"minecraft:redstone_ore":3,"create:shaft":27,"minecraft:snow":2,"minecraft:green_terracotta":1,"minecraft:andesite":746,"minecraft:potatoes":4,"minecraft:cobblestone_slab":6,"minecraft:vine":1,"create:chute":1,"create:deployer":1,"create:polished_cut_calcite":1,"minecraft:glass_pane":2,"minecraft:soul_sand":4,"minecraft:stone_brick_slab":2,"minecraft:emerald_ore":1,"create:water_wheel":7,"minecraft:copper_ore":2,"minecraft:tall_grass":4,"minecraft:deepslate_gold_ore":31,"create:blaze_burner":12,"minecraft:coarse_dirt":259,"minecraft:cobblestone_wall":10,"create:gearbox":19,"minecraft:spruce_log":5,"create:mechanical_drill":2,"create:mechanical_bearing":2,"minecraft:gravel":46,"minecraft:dripstone_block":16,"minecraft:cobweb":26,"minecraft:stone_bricks":69,"minecraft:gold_ore":12,"create:deepslate_zinc_ore":17,"minecraft:spruce_planks":1,"minecraft:farmland":1,"minecraft:potted_cactus":2,"minecraft:brewing_stand":1,"minecraft:grass_block":81,"create:tiled_glass":5,"minecraft:smooth_stone":137,"minecraft:iron_ore":146,"minecraft:pointed_dripstone":1,"minecraft:iron_bars":7,"minecraft:deepslate_redstone_ore":62,"minecraft:quartz_block":20,"minecraft:cyan_terracotta":70,"create:steam_engine":1,"minecraft:calcite":569,"minecraft:chest":4,"create:brass_casing":7,"minecraft:nether_quartz_ore":44,"minecraft:cobblestone":114,"minecraft:oak_planks":5,"minecraft:iron_door":3,"minecraft:wall_torch":16,"create:large_water_wheel":5,"minecraft:seagrass":4,"farmersdelight:sandy_shrub":1,"minecraft:smooth_stone_slab":5,"minecraft:oak_log":30,"minecraft:sand":99,"minecraft:dirt":80,"create:encased_chain_drive":1,"minecraft:netherrack":168,"minecraft:oak_leaves":7,"minecraft:nether_gold_ore":7,"minecraft:tuff":5,"minecraft:deepslate_diamond_ore":20,"minecraft:glow_lichen":1,"mcwdoors:garage_white_door":1,"create:large_cogwheel":4,"minecraft:decorated_pot":1,"create:depot":1,"minecraft:spruce_leaves":2,"minecraft:hay_block":62,"minecraft:furnace":2,"minecraft:carrots":8,"create:scorchia":1,"minecraft:bookshelf":6,"minecraft:deepslate_iron_ore":83,"minecraft:stripped_oak_log":4,"minecraft:stone":501,"travelersbackpack:standard":7,"minecraft:crafting_table":5,"minecraft:andesite_wall":1,"minecraft:lapis_ore":17,"minecraft:birch_planks":8,"minecraft:ice":3,"k_turrets:titanium_ore":8,"minecraft:coal_ore":81,"create:mechanical_crafter":3,"minecraft:cracked_stone_bricks":4,"minecraft:polished_andesite":101,"minecraft:mossy_stone_bricks":3},"minecraft:killed_by":{"mutantmonsters:mutant_creeper":3,"minecraft:zombie":15,"mutantmonsters:mutant_skeleton":1,"endofherobrine:cow":1,"mutantmonsters:mutant_zombie":2,"minecraft:wither_skeleton":3,"minecraft:creeper":8,"minecraft:piglin":3,"minecraft:spider":3,"minecraft:enderman":1,"alexsmobs:gelada_monkey":1,"minecraft:hoglin":1,"minecraft:skeleton":40}},"DataVersion":3465}