{"stats":{"minecraft:custom":{"minecraft:interact_with_crafting_table":152,"minecraft:open_barrel":2,"minecraft:time_since_death":274472,"minecraft:leave_game":17,"minecraft:sprint_one_cm":1616987,"minecraft:damage_blocked_by_shield":4802,"minecraft:drop":212,"minecraft:talked_to_villager":4,"minecraft:play_time":589358,"minecraft:deaths":52,"minecraft:jump":7555,"minecraft:walk_on_water_one_cm":41307,"minecraft:interact_with_furnace":51,"minecraft:play_record":4,"minecraft:sleep_in_bed":32,"minecraft:waystone_activated":1,"tombstone:sneak_grave":1,"minecraft:damage_dealt":14617,"minecraft:crouch_one_cm":39282,"tombstone:undead_killed":40,"minecraft:interact_with_smoker":1,"minecraft:use_cauldron":3,"minecraft:horse_one_cm":5845,"minecraft:interact_with_smithing_table":1,"minecraft:interact_with_anvil":1,"minecraft:mob_kills":92,"minecraft:fill_cauldron":1,"minecraft:damage_dealt_resisted":291,"minecraft:climb_one_cm":7279,"minecraft:walk_one_cm":1977366,"minecraft:sneak_time":12771,"minecraft:walk_under_water_one_cm":46497,"minecraft:interact_with_blast_furnace":2,"minecraft:total_world_time":589358,"spartanshields:shield_bash_hits":4,"tombstone:raider_killed":1,"minecraft:interact_with_grindstone":1,"minecraft:interact_with_stonecutter":27,"minecraft:time_since_rest":37157,"minecraft:damage_taken":22962,"minecraft:damage_absorbed":80,"minecraft:swim_one_cm":50826,"minecraft:fly_one_cm":1414150,"minecraft:open_chest":499,"minecraft:fall_one_cm":92133},"minecraft:broken":{"minecraft:iron_shovel":1,"minecraft:iron_boots":2,"minecraft:iron_chestplate":1,"minecraft:iron_leggings":1,"minecraft:diamond_pickaxe":1,"minecraft:shield":1,"minecraft:iron_pickaxe":2,"minecraft:iron_helmet":2},"minecraft:picked_up":{"create:polished_cut_calcite_slab":2,"minecraft:flower_pot":2,"minecraft:brewing_stand":1,"minecraft:string":28,"minecraft:raw_copper":5,"create:limestone":2,"minecraft:smooth_stone_slab":8,"minecraft:explorer_pottery_sherd":1,"minecraft:iron_leggings":1,"create:water_wheel":5,"minecraft:smooth_stone":32,"minecraft:red_sand":16,"create:mechanical_press":6,"minecraft:cobbled_deepslate":32,"minecraft:bucket":1,"minecraft:spruce_planks":1,"minecraft:cobblestone_slab":7,"minecraft:calcite":511,"minecraft:iron_boots":1,"minecraft:furnace":2,"minecraft:music_disc_blocks":2,"minecraft:oak_fence":8,"minecraft:torch":28,"create:andesite_casing":29,"minecraft:porkchop":2,"tombstone:grave_dust":4,"minecraft:pointed_dripstone":2,"minecraft:cauldron":4,"minecraft:andesite_wall":3,"minecraft:quartz_block":18,"minecraft:cactus":2,"minecraft:rotten_flesh":13,"minecraft:cyan_terracotta":69,"minecraft:bookshelf":15,"mcwdoors:garage_white_door":1,"minecraft:music_disc_wait":2,"minecraft:iron_bars":7,"minecraft:snowball":26,"minecraft:cobblestone":527,"minecraft:enchanting_table":1,"minecraft:cooked_beef":1,"minecraft:iron_door":3,"minecraft:water_bucket":1,"minecraft:andesite":374,"minecraft:potato":9,"alexsmobs:bison_fur":2,"paraglider:spirit_orb":2,"minecraft:flint":12,"minecraft:tuff":2,"create:raw_zinc":43,"skilltree:gem":48,"minecraft:lapis_lazuli":145,"minecraft:dirt":178,"minecraft:glass":3,"minecraft:bone":21,"minecraft:stonecutter":2,"minecraft:bow":2,"minecraft:wheat_seeds":31,"minecraft:raw_gold":33,"create:mechanical_drill":2,"create:goggles":1,"create:shaft":20,"minecraft:mossy_stone_bricks":2,"minecraft:oak_planks":52,"minecraft:music_disc_13":2,"create:cogwheel":5,"minecraft:oak_pressure_plate":1,"minecraft:sand":99,"create:copycat_panel":8,"mcwbridges:andesite_bridge":5,"create:tiled_glass":3,"minecraft:bundle":1,"minecraft:iron_hoe":1,"minecraft:diamond":8,"minecraft:bone_meal":1,"minecraft:bread":5,"scalinghealth:cursed_heart":1,"minecraft:emerald":1,"minecraft:oak_sapling":5,"minecraft:coarse_dirt":224,"minecraft:crafting_table":5,"create:polished_cut_calcite":1,"tacz:ammo":225,"create:chute":1,"minecraft:cracked_stone_bricks":3,"create:calcite_pillar":1,"minecraft:beef":19,"minecraft:sugar_cane":3,"minecraft:chest":3,"minecraft:raw_iron":195,"create:golden_sheet":4,"pointblank:gunmetal_nugget":57,"create:hand_crank":6,"minecraft:carrot":8,"minecraft:redstone":18,"create:vertical_gearbox":10,"minecraft:howl_pottery_sherd":1,"minecraft:arrow":24,"k_turrets:raw_titanium":8,"minecraft:hay_block":62,"pvz_zengarden:zengarden_guide":1,"create:depot":1,"minecraft:gold_ingot":1,"create:cut_calcite_bricks":32,"minecraft:mutton":6,"minecraft:rail":10,"minecraft:white_wool":5,"minecraft:stripped_oak_log":1,"create:iron_sheet":12,"minecraft:burn_pottery_sherd":1,"minecraft:leather":9,"minecraft:birch_planks":2,"minecraft:oak_log":17,"create:andesite_alloy":2,"minecraft:gunpowder":15,"minecraft:cobblestone_wall":7,"scalinghealth:heart_crystal":4,"farmersdelight:skillet":1,"minecraft:apple":3,"minecraft:stone_bricks":51,"minecraft:kelp":142,"minecraft:iron_ingot":28,"scalinghealth:power_crystal_shard":12,"tombstone:bag_of_seeds":1,"minecraft:arms_up_pottery_sherd":1,"minecraft:iron_sword":7,"create:mechanical_saw":1,"minecraft:book":18,"create:mechanical_bearing":2,"minecraft:smooth_basalt":1,"scalinghealth:heart_crystal_shard":16,"create:large_water_wheel":5,"minecraft:stone_brick_slab":2,"minecraft:dandelion":1,"minecraft:dripstone_block":3,"minecraft:gravel":152,"minecraft:white_bed":6,"minecraft:spruce_log":5,"create:gearbox":8,"travelersbackpack:standard":8,"create:millstone":5,"tacz:modern_kinetic_gun":6,"minecraft:chainmail_leggings":3,"create:encased_fan":6,"storagedrawers:oak_full_drawers_2":2,"minecraft:oak_button":2,"tombstone:magic_scroll":2,"minecraft:black_wool":1,"minecraft:coal":79},"minecraft:dropped":{"minecraft:iron_sword":2,"minecraft:oak_pressure_plate":1,"minecraft:cooked_beef":2,"minecraft:cracked_stone_bricks":2,"travelersbackpack:standard":2,"minecraft:rail":10,"minecraft:dirt":69,"minecraft:cyan_terracotta":8,"minecraft:yellow_dye":2,"create:cut_calcite_bricks":1,"create:goggles":1,"minecraft:iron_pickaxe":1,"minecraft:white_wool":2,"minecraft:gold_ingot":5,"minecraft:bone":1,"minecraft:gravel":220,"minecraft:iron_nugget":1,"minecraft:pointed_dripstone":2,"minecraft:rotten_flesh":6,"minecraft:oak_planks":50,"minecraft:chainmail_chestplate":1,"minecraft:oak_fence_gate":1,"minecraft:gunpowder":5,"minecraft:quartz_block":8,"minecraft:beetroot_seeds":2,"create:limestone":2,"minecraft:iron_bars":5,"minecraft:glass":3,"create:andesite_alloy":2,"minecraft:water_bucket":1,"minecraft:bread":6,"minecraft:iron_ingot":19,"minecraft:wheat_seeds":33,"farmersdelight:skillet":1,"create:mechanical_saw":1,"scalinghealth:cursed_heart":1,"minecraft:dripstone_block":3,"minecraft:oak_fence":6,"minecraft:cobblestone":5,"minecraft:iron_helmet":1,"minecraft:andesite_wall":4,"minecraft:apple":5,"minecraft:chainmail_helmet":1,"minecraft:torch":3,"tombstone:grave_key":2,"skilltree:gem":30,"tombstone:grave_dust":4,"tacz:modern_kinetic_gun":5,"minecraft:chainmail_leggings":3,"minecraft:string":2,"minecraft:bucket":1,"minecraft:smooth_basalt":1,"minecraft:dandelion":1,"create:shaft":3,"minecraft:coarse_dirt":55,"minecraft:cobblestone_wall":4,"minecraft:tuff":2,"minecraft:pumpkin_seeds":3,"create:polished_cut_calcite_slab":2,"minecraft:cobblestone_slab":7,"minecraft:flower_pot":2,"minecraft:oak_button":1,"minecraft:iron_chestplate":2,"minecraft:andesite":45,"minecraft:mossy_stone_bricks":2,"minecraft:oak_sapling":15,"storagedrawers:drawer_key":1,"minecraft:stone_bricks":5,"tacz:ammo":30,"minecraft:bow":3,"minecraft:red_sand":10,"minecraft:calcite":28,"minecraft:black_wool":1},"minecraft:killed":{"minecraft:witch":1,"minecraft:spider":3,"minecraft:skeleton":26,"minecraft:pig":1,"minecraft:creeper":8,"minecraft:sheep":5,"minecraft:zombie":14,"minecraft:cow":7,"minecraft:phantom":5,"minecraft:horse":3,"alexsmobs:bison":1,"alexsmobs:gelada_monkey":2,"mutantmonsters:creeper_minion":1},"minecraft:used":{"create:calcite_pillar":9,"minecraft:iron_shovel":315,"minecraft:chest":10,"minecraft:shield":75,"minecraft:iron_sword":347,"create:tiled_glass":9,"minecraft:rotten_flesh":4,"create:mechanical_bearing":3,"create:cogwheel":14,"mcwdoors:garage_white_door":7,"minecraft:carrot":1,"mcwbridges:andesite_bridge":3,"create:depot":3,"minecraft:music_disc_13":2,"minecraft:snowball":60,"minecraft:glass":6,"minecraft:cyan_terracotta":17,"minecraft:lava_bucket":10,"tombstone:tablet_of_cupidity":1,"minecraft:quartz_block":7,"minecraft:iron_helmet":2,"create:millstone":7,"minecraft:music_disc_wait":1,"minecraft:stone_bricks":31,"create:andesite_funnel":2,"create:polished_cut_calcite":10,"minecraft:bow":47,"create:shaft":34,"minecraft:furnace":2,"create:mechanical_drill":3,"minecraft:potato":63,"minecraft:oak_planks":2,"minecraft:cactus":2,"minecraft:sugar_cane":3,"minecraft:golden_apple":1,"minecraft:sand":3,"minecraft:stone_brick_wall":1,"minecraft:bread":61,"tombstone:grave_key":3,"minecraft:oak_pressure_plate":3,"minecraft:iron_door":3,"minecraft:gravel":5,"minecraft:birch_log":5,"minecraft:andesite":15,"minecraft:smooth_stone_slab":4,"create:vertical_gearbox":11,"minecraft:coarse_dirt":9,"minecraft:bone_meal":78,"create:large_cogwheel":7,"minecraft:oak_fence":1,"minecraft:iron_bars":7,"minecraft:enchanting_table":1,"storagedrawers:oak_full_drawers_2":3,"toughasnails:water_purifier":1,"minecraft:spruce_planks":1,"minecraft:torch":292,"minecraft:brewing_stand":1,"minecraft:dirt":77,"scalinghealth:heart_crystal":1,"create:copycat_panel":28,"minecraft:cobblestone_wall":3,"minecraft:oak_fence_gate":6,"create:chute":2,"minecraft:andesite_wall":1,"minecraft:stone_brick_slab":6,"minecraft:bookshelf":15,"create:wrench":136,"create:gearbox":13,"minecraft:iron_axe":98,"minecraft:iron_boots":1,"create:encased_chain_drive":6,"tombstone:gift":6,"mcwbridges:andesite_bridge_stair":4,"minecraft:cooked_beef":6,"minecraft:cobbled_deepslate":32,"minecraft:iron_leggings":1,"minecraft:calcite":205,"minecraft:wheat_seeds":66,"minecraft:cooked_mutton":6,"minecraft:water_bucket":49,"minecraft:birch_planks":2,"minecraft:glass_bottle":67,"minecraft:polished_andesite":8,"minecraft:cauldron":1,"minecraft:stonecutter":2,"minecraft:cobblestone_slab":6,"minecraft:cracked_stone_bricks":3,"create:cut_calcite_bricks":172,"create:encased_fan":8,"minecraft:crafting_table":9,"create:mechanical_harvester":5,"minecraft:white_bed":6,"minecraft:spruce_log":6,"create:linear_chassis":6,"minecraft:oak_log":20,"tombstone:bag_of_seeds":1,"minecraft:diamond_pickaxe":1563,"minecraft:apple":16,"create:mechanical_press":8,"minecraft:oak_button":6,"minecraft:iron_pickaxe":748,"tombstone:magic_scroll":2,"create:water_wheel":7,"minecraft:music_disc_blocks":1,"create:large_water_wheel":6,"create:polished_cut_calcite_slab":18,"minecraft:cobblestone":129,"minecraft:potion":3,"travelersbackpack:standard":5,"toughasnails:purified_water_bottle":41,"minecraft:bucket":59,"create:hand_crank":6,"minecraft:stripped_oak_log":1,"storagedrawers:drawer_key":15,"minecraft:jukebox":1,"minecraft:smooth_stone":337},"minecraft:crafted":{"create:tiled_glass":6,"minecraft:oak_planks":189,"minecraft:cobblestone_slab":6,"minecraft:oak_pressure_plate":3,"minecraft:birch_slab":6,"create:mechanical_harvester":5,"create:mechanical_bearing":1,"minecraft:cooked_mutton":6,"mcwbridges:andesite_bridge":8,"create:vertical_gearbox":1,"minecraft:glass":52,"minecraft:stone_brick_slab":4,"create:andesite_funnel":2,"minecraft:iron_boots":2,"create:mechanical_press":1,"minecraft:chest":11,"minecraft:oak_button":5,"create:cogwheel":34,"minecraft:oak_fence":3,"minecraft:glass_bottle":12,"create:depot":2,"minecraft:crafting_table":6,"minecraft:spruce_planks":37,"create:mechanical_saw":3,"minecraft:iron_helmet":1,"create:cut_calcite_bricks":5,"minecraft:wooden_pickaxe":1,"travelersbackpack:standard":2,"minecraft:hay_block":7,"minecraft:birch_planks":17,"create:encased_chain_drive":6,"create:gearbox":6,"create:encased_fan":2,"minecraft:tnt":1,"create:polished_cut_calcite_slab":12,"toughasnails:water_purifier":1,"create:water_wheel":4,"minecraft:charcoal":1,"minecraft:shield":2,"create:super_glue":1,"minecraft:stick":57,"minecraft:iron_ingot":18,"minecraft:iron_pickaxe":1,"minecraft:iron_block":1,"storagedrawers:oak_full_drawers_2":2,"storagedrawers:drawer_key":1,"create:large_cogwheel":4,"create:propeller":2,"storagedrawers:upgrade_template":4,"minecraft:polished_andesite":2,"mcwdoors:garage_white_door":6,"create:chute":4,"minecraft:stone_brick_wall":1,"create:wrench":1,"minecraft:jukebox":1,"minecraft:iron_nugget":184,"create:calcite_pillar":1,"minecraft:bone_meal":26,"minecraft:andesite_wall":6,"mcwbridges:andesite_bridge_stair":6,"travelersbackpack:white_sleeping_bag":2,"minecraft:iron_axe":1,"minecraft:slime_ball":2,"create:millstone":2,"minecraft:wheat":333,"minecraft:cooked_beef":7,"create:andesite_alloy":98,"create:hand_crank":1,"travelersbackpack:backpack_tank":4,"minecraft:iron_sword":1,"create:goggles":1,"create:large_water_wheel":1,"scalinghealth:heart_crystal":1,"minecraft:bucket":1,"minecraft:bread":91,"minecraft:air":698,"minecraft:oak_fence_gate":7,"minecraft:gold_nugget":9,"minecraft:andesite_slab":6,"create:linear_chassis":9,"minecraft:iron_shovel":2,"minecraft:iron_leggings":1,"create:mechanical_drill":1,"create:shaft":36,"minecraft:torch":73,"minecraft:lapis_block":16},"minecraft:mined":{"create:deepslate_zinc_ore":10,"minecraft:spruce_planks":1,"minecraft:white_bed":6,"minecraft:farmland":1,"create:andesite_casing":29,"create:cut_calcite_bricks":31,"minecraft:potted_cactus":2,"minecraft:brewing_stand":1,"minecraft:red_sand":16,"minecraft:grass_block":56,"create:tiled_glass":3,"minecraft:spawner":1,"minecraft:light_blue_stained_glass":2,"minecraft:smooth_stone":32,"minecraft:tall_seagrass":2,"minecraft:iron_ore":146,"minecraft:fire":4,"minecraft:deepslate_lapis_ore":5,"create:calcite_pillar":1,"minecraft:water_cauldron":4,"minecraft:iron_bars":7,"create:mechanical_press":6,"minecraft:deepslate_redstone_ore":4,"create:cogwheel":6,"minecraft:quartz_block":20,"minecraft:cyan_terracotta":70,"minecraft:kelp_plant":17,"minecraft:soul_fire":1,"scalinghealth:deepslate_heart_crystal_ore":4,"minecraft:torch":9,"minecraft:calcite":557,"minecraft:chest":4,"minecraft:glass":5,"minecraft:cobblestone":93,"minecraft:iron_door":3,"minecraft:wall_torch":8,"create:large_water_wheel":5,"minecraft:seagrass":4,"farmersdelight:sandy_shrub":1,"minecraft:wheat":15,"create:copycat_panel":8,"storagedrawers:oak_full_drawers_2":2,"minecraft:smooth_stone_slab":4,"minecraft:grass":13,"minecraft:oak_log":15,"minecraft:oak_fence_gate":5,"create:hand_crank":5,"minecraft:sand":99,"minecraft:dirt":40,"minecraft:smooth_basalt":1,"minecraft:stonecutter":2,"minecraft:oak_leaves":7,"minecraft:deepslate":30,"create:zinc_ore":33,"minecraft:tuff":3,"create:millstone":5,"minecraft:deepslate_diamond_ore":8,"farmersdelight:wild_carrots":1,"minecraft:glow_lichen":1,"mcwdoors:garage_white_door":1,"minecraft:decorated_pot":1,"mcwbridges:andesite_bridge":5,"create:depot":1,"create:encased_fan":6,"create:polished_cut_calcite_slab":1,"minecraft:spruce_leaves":2,"minecraft:moss_block":2,"minecraft:hay_block":62,"create:shaft":17,"minecraft:furnace":2,"minecraft:carrots":8,"minecraft:snow":2,"minecraft:andesite":367,"minecraft:bookshelf":6,"minecraft:potatoes":4,"minecraft:deepslate_iron_ore":54,"minecraft:cobblestone_slab":6,"minecraft:vine":1,"create:chute":1,"minecraft:stripped_oak_log":1,"minecraft:stone":439,"create:polished_cut_calcite":1,"minecraft:glass_pane":2,"minecraft:stone_brick_slab":2,"travelersbackpack:standard":7,"minecraft:crafting_table":5,"minecraft:emerald_ore":1,"minecraft:andesite_wall":1,"create:water_wheel":5,"minecraft:copper_ore":2,"minecraft:tall_grass":4,"minecraft:deepslate_gold_ore":21,"minecraft:lapis_ore":17,"minecraft:birch_planks":2,"minecraft:coarse_dirt":219,"minecraft:cobblestone_wall":8,"create:gearbox":17,"minecraft:ice":1,"minecraft:spruce_log":5,"create:mechanical_drill":2,"k_turrets:titanium_ore":8,"create:mechanical_bearing":2,"minecraft:coal_ore":81,"minecraft:gravel":39,"minecraft:cobweb":26,"minecraft:cracked_stone_bricks":4,"minecraft:stone_bricks":54,"minecraft:mossy_stone_bricks":3,"minecraft:gold_ore":12},"minecraft:killed_by":{"endofherobrine:cow":1,"mutantmonsters:mutant_zombie":2,"minecraft:creeper":4,"mutantmonsters:mutant_creeper":3,"minecraft:zombie":7,"minecraft:spider":1,"alexsmobs:gelada_monkey":1,"minecraft:skeleton":20}},"DataVersion":3465}