{"stats":{"minecraft:killed_by":{"endofherobrine:cow":1,"mutantmonsters:mutant_zombie":2,"minecraft:creeper":2,"minecraft:spider":1,"alexsmobs:gelada_monkey":1,"mutantmonsters:mutant_creeper":1,"minecraft:skeleton":13,"minecraft:zombie":4},"minecraft:custom":{"minecraft:interact_with_smithing_table":1,"minecraft:interact_with_anvil":1,"minecraft:mob_kills":55,"minecraft:interact_with_crafting_table":72,"minecraft:open_barrel":2,"minecraft:fill_cauldron":1,"minecraft:damage_dealt_resisted":62,"minecraft:leave_game":3,"minecraft:time_since_death":12866,"minecraft:climb_one_cm":2626,"minecraft:sprint_one_cm":617365,"minecraft:walk_one_cm":719137,"minecraft:damage_blocked_by_shield":1712,"minecraft:drop":105,"minecraft:talked_to_villager":3,"minecraft:play_time":237680,"minecraft:sneak_time":5794,"minecraft:deaths":38,"minecraft:walk_under_water_one_cm":38148,"minecraft:jump":3890,"minecraft:walk_on_water_one_cm":35174,"minecraft:total_world_time":237680,"minecraft:interact_with_furnace":47,"tombstone:raider_killed":1,"minecraft:sleep_in_bed":9,"minecraft:time_since_rest":12697,"minecraft:waystone_activated":1,"minecraft:damage_taken":13839,"minecraft:damage_absorbed":80,"tombstone:sneak_grave":1,"minecraft:damage_dealt":8384,"minecraft:swim_one_cm":15307,"minecraft:fly_one_cm":711792,"minecraft:open_chest":214,"minecraft:crouch_one_cm":19666,"tombstone:undead_killed":15,"minecraft:interact_with_smoker":1,"minecraft:use_cauldron":3,"minecraft:fall_one_cm":53243,"minecraft:horse_one_cm":3904},"minecraft:mined":{"minecraft:tuff":1,"minecraft:spruce_planks":1,"minecraft:white_bed":6,"minecraft:deepslate_diamond_ore":8,"create:andesite_casing":8,"farmersdelight:wild_carrots":1,"minecraft:brewing_stand":1,"minecraft:glow_lichen":1,"minecraft:red_sand":16,"minecraft:grass_block":12,"create:encased_fan":3,"minecraft:moss_block":2,"minecraft:spawner":1,"minecraft:hay_block":62,"minecraft:carrots":8,"minecraft:furnace":2,"minecraft:fire":4,"minecraft:iron_ore":51,"minecraft:andesite":235,"minecraft:deepslate_lapis_ore":5,"minecraft:cobblestone_slab":1,"minecraft:potatoes":4,"minecraft:vine":1,"minecraft:deepslate_iron_ore":36,"minecraft:water_cauldron":4,"minecraft:stone":141,"create:mechanical_press":1,"minecraft:deepslate_redstone_ore":4,"minecraft:quartz_block":11,"minecraft:cyan_terracotta":2,"minecraft:soul_fire":1,"scalinghealth:deepslate_heart_crystal_ore":4,"travelersbackpack:standard":7,"minecraft:crafting_table":4,"minecraft:torch":3,"minecraft:calcite":80,"minecraft:chest":1,"minecraft:tall_grass":4,"minecraft:copper_ore":2,"minecraft:cobblestone":6,"minecraft:deepslate_gold_ore":16,"minecraft:iron_door":3,"minecraft:wall_torch":2,"create:large_water_wheel":5,"minecraft:birch_planks":2,"minecraft:coarse_dirt":11,"create:gearbox":1,"minecraft:wheat":15,"minecraft:ice":1,"minecraft:spruce_log":5,"minecraft:grass":13,"k_turrets:titanium_ore":3,"minecraft:oak_log":15,"minecraft:coal_ore":33,"create:hand_crank":3,"minecraft:gravel":22,"minecraft:sand":51,"minecraft:dirt":5,"minecraft:cobweb":23,"minecraft:cracked_stone_bricks":3,"minecraft:stone_bricks":17,"minecraft:gold_ore":6,"minecraft:mossy_stone_bricks":1,"minecraft:oak_leaves":5,"minecraft:deepslate":30},"minecraft:picked_up":{"minecraft:crafting_table":4,"minecraft:coarse_dirt":28,"minecraft:brewing_stand":1,"minecraft:string":25,"minecraft:raw_copper":5,"tacz:ammo":120,"minecraft:cracked_stone_bricks":2,"create:mechanical_press":1,"minecraft:red_sand":16,"minecraft:cobbled_deepslate":31,"minecraft:bucket":1,"minecraft:spruce_planks":1,"minecraft:beef":19,"minecraft:cobblestone_slab":2,"minecraft:calcite":46,"minecraft:chest":1,"minecraft:furnace":2,"minecraft:raw_iron":84,"minecraft:music_disc_blocks":1,"minecraft:oak_fence":1,"minecraft:torch":8,"create:andesite_casing":8,"minecraft:porkchop":2,"pointblank:gunmetal_nugget":17,"create:hand_crank":3,"tombstone:grave_dust":1,"minecraft:carrot":8,"minecraft:redstone":18,"minecraft:cauldron":4,"minecraft:quartz_block":9,"minecraft:arrow":15,"minecraft:rotten_flesh":6,"k_turrets:raw_titanium":3,"minecraft:hay_block":62,"pvz_zengarden:zengarden_guide":1,"minecraft:cyan_terracotta":7,"minecraft:mutton":6,"minecraft:snowball":14,"minecraft:white_wool":5,"minecraft:rail":2,"minecraft:cobblestone":147,"create:iron_sheet":12,"minecraft:iron_door":3,"minecraft:andesite":236,"minecraft:leather":9,"alexsmobs:bison_fur":2,"minecraft:potato":4,"minecraft:birch_planks":2,"paraglider:spirit_orb":2,"minecraft:flint":1,"minecraft:oak_log":15,"minecraft:gunpowder":2,"scalinghealth:heart_crystal":2,"skilltree:gem":23,"minecraft:lapis_lazuli":33,"minecraft:dirt":43,"minecraft:glass":3,"minecraft:bone":7,"minecraft:stone_bricks":18,"minecraft:bow":2,"minecraft:wheat_seeds":28,"minecraft:raw_gold":22,"minecraft:iron_ingot":27,"minecraft:oak_planks":50,"minecraft:iron_sword":2,"create:large_water_wheel":5,"scalinghealth:heart_crystal_shard":16,"minecraft:dandelion":1,"minecraft:oak_pressure_plate":1,"minecraft:dripstone_block":3,"minecraft:gravel":22,"minecraft:sand":51,"minecraft:white_bed":6,"minecraft:spruce_log":5,"create:gearbox":1,"travelersbackpack:standard":8,"minecraft:iron_hoe":1,"minecraft:diamond":8,"tacz:modern_kinetic_gun":4,"minecraft:chainmail_leggings":3,"create:encased_fan":3,"minecraft:bread":3,"scalinghealth:cursed_heart":1,"minecraft:oak_sapling":5,"minecraft:black_wool":1,"minecraft:coal":31},"minecraft:dropped":{"minecraft:bread":4,"minecraft:iron_ingot":18,"minecraft:iron_sword":2,"minecraft:wheat_seeds":32,"minecraft:oak_pressure_plate":1,"scalinghealth:cursed_heart":1,"minecraft:dripstone_block":3,"minecraft:cobblestone":4,"minecraft:iron_helmet":1,"minecraft:apple":2,"travelersbackpack:standard":2,"minecraft:chainmail_helmet":1,"minecraft:rail":2,"minecraft:cyan_terracotta":6,"minecraft:dirt":1,"minecraft:torch":3,"tombstone:grave_key":2,"skilltree:gem":17,"tombstone:grave_dust":3,"tacz:modern_kinetic_gun":3,"minecraft:iron_pickaxe":1,"minecraft:chainmail_leggings":3,"minecraft:string":2,"minecraft:bucket":1,"minecraft:white_wool":2,"minecraft:coarse_dirt":8,"minecraft:oak_planks":49,"minecraft:chainmail_chestplate":1,"minecraft:cobblestone_slab":2,"minecraft:gunpowder":5,"minecraft:iron_chestplate":1,"minecraft:quartz_block":2,"minecraft:oak_sapling":15,"minecraft:stone_bricks":4,"tacz:ammo":30,"minecraft:bow":3,"minecraft:glass":3,"minecraft:iron_bars":5,"minecraft:calcite":4,"minecraft:black_wool":1},"minecraft:killed":{"minecraft:witch":1,"minecraft:spider":3,"minecraft:phantom":3,"minecraft:horse":3,"minecraft:skeleton":9,"alexsmobs:bison":1,"minecraft:pig":1,"minecraft:creeper":2,"minecraft:sheep":5,"alexsmobs:gelada_monkey":2,"mutantmonsters:creeper_minion":1,"minecraft:zombie":6,"minecraft:cow":7},"minecraft:broken":{"minecraft:iron_boots":1,"minecraft:iron_chestplate":1,"minecraft:iron_leggings":1,"minecraft:iron_pickaxe":2,"minecraft:iron_helmet":2},"minecraft:used":{"minecraft:oak_fence":1,"minecraft:iron_shovel":79,"toughasnails:water_purifier":1,"minecraft:chest":6,"minecraft:spruce_planks":1,"minecraft:shield":29,"minecraft:iron_sword":211,"minecraft:rotten_flesh":4,"minecraft:torch":124,"minecraft:brewing_stand":1,"minecraft:dirt":41,"minecraft:carrot":1,"create:depot":1,"minecraft:snowball":14,"minecraft:cyan_terracotta":1,"minecraft:lava_bucket":1,"create:gearbox":1,"minecraft:iron_axe":37,"tombstone:tablet_of_cupidity":1,"minecraft:iron_helmet":1,"minecraft:stone_bricks":11,"minecraft:bow":34,"create:shaft":2,"minecraft:furnace":2,"tombstone:gift":6,"minecraft:cobbled_deepslate":31,"minecraft:iron_leggings":1,"minecraft:calcite":6,"minecraft:water_bucket":25,"minecraft:birch_planks":2,"minecraft:glass_bottle":32,"minecraft:oak_planks":2,"minecraft:cauldron":1,"minecraft:cobblestone_slab":6,"minecraft:cracked_stone_bricks":2,"minecraft:golden_apple":1,"create:encased_fan":4,"minecraft:crafting_table":7,"minecraft:white_bed":6,"minecraft:spruce_log":6,"minecraft:diamond_pickaxe":235,"minecraft:apple":2,"create:mechanical_press":2,"minecraft:bread":38,"minecraft:iron_pickaxe":505,"minecraft:oak_button":2,"create:water_wheel":2,"tombstone:grave_key":1,"minecraft:oak_pressure_plate":2,"minecraft:iron_door":2,"create:large_water_wheel":5,"minecraft:potion":3,"minecraft:cobblestone":87,"travelersbackpack:standard":3,"toughasnails:purified_water_bottle":7,"minecraft:birch_log":4,"minecraft:andesite":1,"minecraft:bucket":28,"create:hand_crank":4,"create:vertical_gearbox":1,"minecraft:coarse_dirt":4},"minecraft:crafted":{"minecraft:oak_planks":69,"minecraft:cobblestone_slab":6,"minecraft:iron_nugget":45,"minecraft:oak_pressure_plate":2,"minecraft:birch_slab":6,"create:mechanical_bearing":1,"minecraft:cooked_mutton":6,"create:vertical_gearbox":1,"minecraft:glass":52,"travelersbackpack:white_sleeping_bag":2,"minecraft:iron_boots":1,"create:mechanical_press":1,"minecraft:iron_axe":1,"minecraft:chest":7,"minecraft:oak_button":2,"create:cogwheel":4,"minecraft:wheat":108,"minecraft:cooked_beef":7,"minecraft:glass_bottle":12,"create:depot":1,"create:andesite_alloy":22,"create:hand_crank":1,"minecraft:crafting_table":4,"create:mechanical_saw":3,"minecraft:spruce_planks":37,"travelersbackpack:backpack_tank":4,"minecraft:wooden_pickaxe":1,"travelersbackpack:standard":2,"minecraft:iron_sword":1,"create:large_water_wheel":1,"scalinghealth:heart_crystal":1,"minecraft:bucket":1,"minecraft:birch_planks":16,"minecraft:bread":37,"minecraft:air":215,"create:gearbox":1,"create:encased_fan":1,"toughasnails:water_purifier":1,"create:water_wheel":3,"minecraft:charcoal":1,"minecraft:shield":1,"minecraft:stick":26,"create:linear_chassis":9,"minecraft:iron_ingot":18,"minecraft:iron_pickaxe":1,"minecraft:iron_leggings":1,"minecraft:iron_block":1,"minecraft:iron_shovel":1,"create:propeller":1,"create:shaft":9,"minecraft:torch":30}},"DataVersion":3465}