{"stats":{"minecraft:custom":{"minecraft:interact_with_crafting_table":76,"minecraft:leave_game":9,"minecraft:time_since_death":41821,"minecraft:sprint_one_cm":1752872,"minecraft:damage_blocked_by_shield":2286,"minecraft:drop":159,"minecraft:play_time":570707,"minecraft:deaths":44,"minecraft:jump":4357,"minecraft:interact_with_brewingstand":1,"minecraft:walk_on_water_one_cm":10182,"minecraft:interact_with_furnace":148,"minecraft:sleep_in_bed":27,"tombstone:sneak_grave":2,"minecraft:damage_dealt":22178,"minecraft:crouch_one_cm":8527,"tombstone:undead_killed":57,"minecraft:interact_with_smoker":12,"minecraft:use_cauldron":3,"minecraft:interact_with_smithing_table":2,"minecraft:mob_kills":158,"minecraft:interact_with_anvil":13,"minecraft:inspect_hopper":2,"minecraft:damage_dealt_resisted":1168,"minecraft:climb_one_cm":28062,"minecraft:walk_one_cm":1846118,"minecraft:sneak_time":9039,"minecraft:walk_under_water_one_cm":240,"minecraft:interact_with_blast_furnace":2,"minecraft:total_world_time":570707,"spartanshields:shield_bash_hits":6,"tombstone:raider_killed":5,"minecraft:interact_with_grindstone":7,"minecraft:interact_with_stonecutter":3,"minecraft:time_since_rest":39176,"minecraft:damage_taken":17006,"minecraft:fly_one_cm":392885,"minecraft:open_chest":380,"minecraft:fall_one_cm":39418},"minecraft:broken":{"minecraft:iron_boots":2,"minecraft:stone_pickaxe":1,"minecraft:iron_sword":1,"minecraft:iron_helmet":2},"minecraft:picked_up":{"minecraft:iron_chestplate":2,"minecraft:wheat":1,"minecraft:chainmail_boots":1,"minecraft:anvil":4,"minecraft:string":57,"minecraft:raw_copper":1143,"minecraft:smooth_stone_slab":36,"minecraft:iron_leggings":1,"minecraft:cobbled_deepslate":219,"minecraft:smooth_stone":4,"farmersdelight:cabbage":8,"minecraft:spruce_planks":9,"minecraft:calcite":129,"minecraft:iron_pickaxe":3,"minecraft:iron_boots":1,"farmersdelight:cabbage_seeds":29,"minecraft:furnace":2,"minecraft:stick":2,"minecraft:torch":35,"storagedrawers:spruce_full_drawers_4":1,"minecraft:diorite":5,"tombstone:grave_dust":9,"minecraft:quartz_block":2,"minecraft:rotten_flesh":34,"create:scoria":2,"create:ochrum":4,"minecraft:cyan_terracotta":61,"farmersdelight:rope":7,"mcwdoors:garage_white_door":6,"minecraft:music_disc_wait":1,"minecraft:iron_bars":2,"minecraft:snowball":4,"minecraft:cobblestone":207,"minecraft:birch_log":16,"minecraft:feather":3,"minecraft:iron_door":2,"minecraft:water_bucket":1,"minecraft:andesite":962,"minecraft:potato":142,"paraglider:spirit_orb":18,"minecraft:flint":3,"storagedrawers:drawer_key":1,"minecraft:tuff":27,"create:raw_zinc":23,"farmersdelight:tomato":4,"skilltree:gem":189,"minecraft:lapis_lazuli":27,"minecraft:dirt":95,"minecraft:name_tag":1,"tacz:ammo_box":1,"minecraft:leather_boots":1,"minecraft:bone":32,"minecraft:gray_terracotta":2,"minecraft:bow":5,"minecraft:wheat_seeds":7,"minecraft:raw_gold":27,"minecraft:mossy_stone_bricks":2,"minecraft:moss_block":42,"minecraft:music_disc_13":1,"minecraft:poisonous_potato":1,"minecraft:sand":49,"mcwbridges:andesite_bridge":2,"create:tiled_glass":2,"minecraft:iron_hoe":2,"minecraft:diamond":51,"minecraft:crossbow":1,"minecraft:granite":20,"minecraft:chainmail_helmet":1,"minecraft:bread":3,"minecraft:oak_sapling":21,"minecraft:coarse_dirt":60,"minecraft:crafting_table":4,"minecraft:chicken":2,"boh:venison":14,"minecraft:shield":7,"tacz:ammo":495,"minecraft:cracked_stone_bricks":3,"minecraft:beef":7,"minecraft:iron_nugget":1,"minecraft:chest":7,"minecraft:egg":3,"minecraft:raw_iron":436,"pointblank:gunmetal_nugget":220,"minecraft:carrot":16,"minecraft:redstone":58,"travelersbackpack:sponge":3,"minecraft:arrow":56,"pvz_zengarden:zengarden_guide":1,"minecraft:saddle":1,"minecraft:gold_ingot":6,"minecraft:stripped_oak_log":1,"create:iron_sheet":1,"minecraft:leather":19,"minecraft:birch_planks":24,"minecraft:oak_log":5,"minecraft:chainmail_chestplate":2,"scalinghealth:bandages":3,"minecraft:cobblestone_wall":1,"minecraft:yellow_bed":2,"minecraft:gunpowder":46,"farmersdelight:tatami":11,"scalinghealth:heart_crystal":5,"minecraft:white_banner":1,"scalinghealth:medkit":1,"minecraft:apple":1,"minecraft:stone_bricks":15,"minecraft:oak_fence_gate":6,"minecraft:iron_ingot":2,"minecraft:cooked_chicken":6,"scalinghealth:power_crystal_shard":8,"minecraft:iron_sword":13,"create:mechanical_saw":1,"minecraft:book":54,"scalinghealth:heart_crystal_shard":8,"minecraft:dripstone_block":9,"minecraft:lava_bucket":1,"minecraft:gravel":84,"minecraft:spruce_sapling":12,"minecraft:white_bed":1,"minecraft:spruce_log":57,"minecraft:spider_eye":11,"travelersbackpack:standard":1,"tacz:modern_kinetic_gun":6,"minecraft:chainmail_leggings":3,"minecraft:iron_helmet":1,"minecraft:oak_button":2,"tombstone:magic_scroll":1,"minecraft:melon_seeds":1,"minecraft:coal":492,"minecraft:ender_pearl":1},"minecraft:dropped":{"minecraft:moss_block":42,"minecraft:music_disc_13":1,"minecraft:flint":1,"minecraft:cyan_terracotta":13,"minecraft:dirt":31,"create:iron_sheet":1,"minecraft:iron_pickaxe":2,"minecraft:bone":1,"minecraft:gravel":164,"boh:venison":3,"minecraft:chainmail_chestplate":3,"minecraft:melon_seeds":1,"minecraft:leather_boots":1,"minecraft:chainmail_boots":1,"farmersdelight:rope":7,"minecraft:arrow":38,"minecraft:enchanting_table":1,"minecraft:water_bucket":1,"minecraft:enchanted_book":3,"minecraft:iron_ingot":4,"minecraft:wheat_seeds":1,"create:mechanical_saw":1,"scalinghealth:cursed_heart":1,"minecraft:bookshelf":15,"minecraft:dripstone_block":8,"minecraft:diamond_leggings":1,"minecraft:poisonous_potato":1,"scalinghealth:heart_crystal_shard":8,"minecraft:granite":13,"minecraft:chainmail_helmet":1,"tacz:ammo_box":1,"tombstone:magic_scroll":2,"skilltree:gem":8,"minecraft:diamond_helmet":1,"minecraft:iron_leggings":3,"tacz:modern_kinetic_gun":5,"mcwbridges:andesite_bridge":2,"minecraft:music_disc_wait":1,"minecraft:chainmail_leggings":3,"minecraft:bucket":1,"create:ochrum":4,"minecraft:raw_copper":128,"minecraft:tuff":40,"farmersdelight:cabbage_seeds":4,"minecraft:iron_hoe":1,"minecraft:stripped_oak_log":1,"minecraft:name_tag":1,"scalinghealth:power_crystal_shard":8,"minecraft:gray_terracotta":2,"minecraft:shield":7,"minecraft:diamond_chestplate":1,"minecraft:iron_chestplate":2,"minecraft:andesite":2,"tacz:ammo":90,"minecraft:diamond_boots":1,"minecraft:bow":5,"minecraft:stone_pickaxe":2,"minecraft:wooden_pickaxe":1,"minecraft:calcite":8},"minecraft:used":{"minecraft:chest":4,"minecraft:shield":31,"minecraft:iron_sword":433,"create:tiled_glass":2,"minecraft:iron_chestplate":1,"mcwdoors:garage_white_door":6,"minecraft:carrot":4,"minecraft:tuff":7,"minecraft:snowball":4,"minecraft:azure_bluet":1,"minecraft:glass":1,"minecraft:cyan_terracotta":36,"minecraft:lava_bucket":5,"farmersdelight:tomato":1,"minecraft:quartz_block":2,"create:scoria":2,"minecraft:stone_bricks":7,"minecraft:oak_sapling":8,"minecraft:furnace":6,"minecraft:egg":3,"minecraft:potato":41,"minecraft:mossy_stone_bricks":2,"minecraft:diorite":5,"minecraft:stone_pickaxe":366,"minecraft:wooden_pickaxe":26,"minecraft:sand":1,"farmersdelight:tatami":11,"scalinghealth:enchanted_heart":3,"minecraft:bread":5,"tombstone:grave_key":3,"minecraft:iron_door":2,"minecraft:gravel":5,"storagedrawers:quantify_key":9,"minecraft:diamond_sword":39,"minecraft:grindstone":1,"minecraft:smithing_table":1,"minecraft:andesite":252,"minecraft:coarse_dirt":60,"minecraft:bone_meal":46,"minecraft:iron_bars":3,"tacz:gun_smith_table":1,"minecraft:spruce_planks":9,"minecraft:cooked_chicken":6,"minecraft:torch":187,"minecraft:dirt":122,"minecraft:anvil":1,"scalinghealth:heart_crystal":1,"minecraft:cobblestone_wall":2,"minecraft:granite":7,"minecraft:oak_fence_gate":6,"minecraft:iron_hoe":139,"minecraft:wooden_axe":38,"minecraft:iron_boots":1,"travelersbackpack:sponge":4,"tombstone:gift":9,"minecraft:cooked_beef":2,"minecraft:iron_leggings":3,"minecraft:pointed_dripstone":3,"minecraft:calcite":101,"boh:cooked_venison":2,"minecraft:water_bucket":6,"minecraft:glass_bottle":37,"minecraft:baked_potato":35,"storagedrawers:spruce_full_drawers_4":5,"minecraft:cauldron":3,"minecraft:cracked_stone_bricks":3,"minecraft:crafting_table":3,"minecraft:white_bed":1,"minecraft:spruce_log":2,"minecraft:diamond_pickaxe":1065,"minecraft:apple":1,"dramaticdoors:tall_oak_door":1,"minecraft:oak_button":2,"minecraft:iron_pickaxe":1482,"minecraft:white_banner":1,"minecraft:cobblestone":16,"travelersbackpack:standard":3,"storagedrawers:oak_full_drawers_4":8,"toughasnails:purified_water_bottle":37,"minecraft:bucket":12,"minecraft:yellow_bed":1,"storagedrawers:drawer_key":2,"minecraft:dandelion":3,"minecraft:smooth_stone":1,"minecraft:chainmail_leggings":1},"minecraft:killed":{"endofherobrine:silverfish":4,"minecraft:spider":24,"minecraft:skeleton":31,"minecraft:bee":1,"minecraft:chicken":2,"alexsmobs:seal":1,"minecraft:creeper":30,"boh:deer":7,"minecraft:pillager":5,"minecraft:zombie":26,"minecraft:cow":5,"minecraft:phantom":4,"boh:souichi":1,"minecraft:enderman":1},"minecraft:crafted":{"minecraft:grindstone":1,"minecraft:oak_planks":45,"minecraft:rotten_flesh":3,"minecraft:stone":2,"minecraft:bookshelf":15,"minecraft:glass":48,"minecraft:repeater":1,"minecraft:diamond_helmet":1,"minecraft:diamond_leggings":1,"minecraft:iron_boots":1,"minecraft:chest":10,"storagedrawers:oak_full_drawers_4":8,"dramaticdoors:tall_oak_door":2,"minecraft:crafting_table":1,"minecraft:spruce_planks":72,"tacz:ammo_box":1,"skilltree:gem":20,"minecraft:wooden_pickaxe":2,"minecraft:iron_helmet":1,"storagedrawers:oak_full_drawers_1":1,"minecraft:smithing_table":1,"minecraft:copper_ingot":284,"minecraft:string":8,"minecraft:iron_chestplate":1,"minecraft:diamond_pickaxe":2,"minecraft:charcoal":1,"minecraft:stone_slab":2,"minecraft:stick":29,"storagedrawers:fill_level_upgrade":1,"minecraft:iron_ingot":106,"minecraft:iron_pickaxe":1,"minecraft:iron_block":4,"minecraft:redstone_torch":3,"storagedrawers:upgrade_template":4,"minecraft:oak_door":3,"storagedrawers:quantify_key":1,"minecraft:furnace":4,"storagedrawers:spruce_full_drawers_4":4,"minecraft:bone_meal":18,"minecraft:stone_pickaxe":4,"minecraft:diamond_boots":1,"storagedrawers:diamond_storage_upgrade":1,"minecraft:diamond_sword":1,"pointblank:gunmetal_ingot":38,"minecraft:enchanting_table":1,"minecraft:iron_sword":1,"tacz:gun_smith_table":1,"mobdropsrecipes_overworld:overworld_essence_common":123,"minecraft:air":570,"minecraft:gunpowder":14,"minecraft:wooden_axe":1,"minecraft:writable_book":1,"minecraft:iron_leggings":3,"minecraft:anvil":1,"minecraft:torch":39,"create:zinc_ingot":9,"minecraft:diamond_chestplate":1},"minecraft:mined":{"minecraft:spruce_planks":9,"minecraft:white_bed":1,"minecraft:oak_sapling":1,"minecraft:farmland":22,"minecraft:granite":19,"minecraft:grass_block":1,"travelersbackpack:sponge":2,"minecraft:spawner":12,"minecraft:smooth_stone":4,"minecraft:iron_ore":423,"minecraft:fire":6,"minecraft:anvil":4,"minecraft:gray_terracotta":2,"minecraft:quartz_block":2,"minecraft:cyan_terracotta":61,"minecraft:torch":7,"minecraft:calcite":21,"minecraft:chest":6,"minecraft:white_stained_glass_pane":2,"farmersdelight:cabbages":9,"minecraft:glass":1,"minecraft:cobblestone":6,"minecraft:iron_door":1,"minecraft:wall_torch":19,"minecraft:wheat":2,"minecraft:smooth_stone_slab":18,"minecraft:grass":1,"minecraft:oak_fence_gate":1,"minecraft:sand":49,"minecraft:dirt":38,"minecraft:oak_leaves":2,"minecraft:deepslate":219,"create:zinc_ore":23,"minecraft:tuff":25,"minecraft:deepslate_diamond_ore":51,"mcwdoors:garage_white_door":6,"create:ochrum":4,"minecraft:moss_block":42,"minecraft:redstone_ore":14,"minecraft:furnace":2,"minecraft:carrots":4,"minecraft:andesite":949,"minecraft:bookshelf":18,"minecraft:potatoes":46,"minecraft:deepslate_iron_ore":14,"minecraft:stone":195,"minecraft:crafting_table":4,"minecraft:copper_ore":298,"endofherobrine:glowing_obsidian":5,"minecraft:lapis_ore":4,"minecraft:deepslate_gold_ore":5,"minecraft:diorite":5,"minecraft:coarse_dirt":53,"minecraft:spruce_log":20,"minecraft:yellow_bed":1,"farmersdelight:tatami":11,"minecraft:coal_ore":491,"minecraft:dripstone_block":8,"minecraft:gravel":19,"storagedrawers:spruce_full_drawers_4":1,"minecraft:cobweb":24,"minecraft:cracked_stone_bricks":2,"minecraft:stone_bricks":12,"minecraft:mossy_stone_bricks":1,"minecraft:gold_ore":22},"minecraft:killed_by":{"minecraft:creeper":5,"minecraft:drowned":3,"minecraft:zombie":16,"minecraft:spider":4,"minecraft:enderman":1,"minecraft:skeleton":14}},"DataVersion":3465}