{"stats":{"minecraft:custom":{"minecraft:interact_with_crafting_table":85,"minecraft:open_barrel":4,"minecraft:leave_game":14,"minecraft:time_since_death":28874,"minecraft:sprint_one_cm":2738010,"minecraft:damage_blocked_by_shield":2286,"minecraft:drop":205,"minecraft:talked_to_villager":3,"minecraft:play_time":820392,"minecraft:deaths":63,"minecraft:jump":6480,"minecraft:interact_with_brewingstand":1,"minecraft:walk_on_water_one_cm":18186,"minecraft:interact_with_furnace":150,"minecraft:sleep_in_bed":35,"minecraft:waystone_activated":1,"tombstone:sneak_grave":2,"minecraft:damage_dealt":31606,"minecraft:crouch_one_cm":10368,"tombstone:undead_killed":81,"minecraft:interact_with_smoker":25,"minecraft:use_cauldron":12,"minecraft:horse_one_cm":2406,"minecraft:interact_with_smithing_table":2,"minecraft:interact_with_anvil":15,"minecraft:mob_kills":216,"minecraft:inspect_hopper":5,"minecraft:damage_dealt_resisted":1786,"minecraft:climb_one_cm":32195,"minecraft:walk_one_cm":2717235,"minecraft:sneak_time":11179,"minecraft:walk_under_water_one_cm":5359,"minecraft:interact_with_blast_furnace":22,"minecraft:total_world_time":820392,"spartanshields:shield_bash_hits":6,"tombstone:raider_killed":5,"minecraft:interact_with_grindstone":8,"minecraft:interact_with_stonecutter":4,"minecraft:time_since_rest":0,"minecraft:damage_taken":25996,"minecraft:swim_one_cm":3593,"minecraft:fly_one_cm":708482,"minecraft:open_chest":502,"minecraft:fall_one_cm":63213},"minecraft:broken":{"minecraft:iron_boots":2,"minecraft:stone_pickaxe":1,"minecraft:iron_sword":1,"minecraft:iron_helmet":2},"minecraft:picked_up":{"minecraft:iron_chestplate":3,"minecraft:wheat":1,"minecraft:chainmail_boots":1,"minecraft:anvil":8,"minecraft:stone_slab":3,"boh:spinel":20,"minecraft:music_disc_cat":1,"minecraft:string":61,"minecraft:raw_copper":1755,"minecraft:smooth_stone_slab":192,"minecraft:iron_leggings":1,"minecraft:smooth_stone":4,"minecraft:cobbled_deepslate":219,"farmersdelight:cabbage":8,"minecraft:spruce_planks":9,"minecraft:redstone_torch":1,"minecraft:calcite":138,"minecraft:iron_pickaxe":3,"pointblank:workstation":1,"farmersdelight:cabbage_seeds":29,"minecraft:iron_boots":1,"minecraft:furnace":2,"minecraft:stick":5,"minecraft:torch":43,"storagedrawers:spruce_full_drawers_4":5,"tacz:attachment":4,"tombstone:grave_dust":14,"minecraft:diorite":5,"minecraft:green_terracotta":4,"minecraft:quartz_block":8,"minecraft:rotten_flesh":60,"create:scoria":2,"create:ochrum":4,"minecraft:cyan_terracotta":127,"farmersdelight:rope":7,"mcwdoors:garage_white_door":16,"minecraft:music_disc_wait":1,"minecraft:iron_bars":3,"minecraft:snowball":22,"minecraft:cobblestone":305,"minecraft:birch_log":16,"storagedrawers:oak_full_drawers_4":7,"minecraft:oxidized_copper":3,"minecraft:feather":3,"minecraft:cooked_beef":1,"minecraft:iron_door":4,"minecraft:water_bucket":1,"minecraft:andesite":1180,"minecraft:potato":142,"paraglider:spirit_orb":18,"minecraft:flint":134,"minecraft:tuff":27,"storagedrawers:drawer_key":1,"create:raw_zinc":29,"skilltree:gem":321,"minecraft:lapis_lazuli":57,"farmersdelight:tomato":4,"minecraft:dirt":139,"minecraft:name_tag":1,"tacz:ammo_box":1,"minecraft:leather_boots":2,"minecraft:bone":51,"minecraft:gray_terracotta":2,"minecraft:bow":5,"minecraft:wheat_seeds":8,"minecraft:raw_gold":42,"minecraft:mossy_stone_bricks":2,"minecraft:moss_block":42,"minecraft:oak_planks":16,"minecraft:music_disc_13":1,"minecraft:oak_pressure_plate":2,"minecraft:poisonous_potato":1,"minecraft:sand":49,"mcwbridges:andesite_bridge":2,"create:tiled_glass":4,"minecraft:iron_hoe":2,"minecraft:diamond":51,"waystones:waystone":1,"minecraft:crossbow":1,"minecraft:granite":25,"minecraft:chainmail_helmet":1,"minecraft:bread":3,"minecraft:oak_sapling":21,"minecraft:netherrack":228,"minecraft:diamond_pickaxe":2,"minecraft:coarse_dirt":61,"minecraft:crafting_table":4,"minecraft:chicken":2,"boh:venison":23,"minecraft:shield":7,"tacz:ammo":825,"minecraft:blackstone":1,"minecraft:cracked_stone_bricks":4,"minecraft:beef":13,"minecraft:iron_nugget":1,"minecraft:chest":24,"minecraft:birch_sapling":1,"minecraft:egg":3,"minecraft:raw_iron":512,"pointblank:gunmetal_nugget":306,"minecraft:carrot":16,"minecraft:redstone":58,"create:vertical_gearbox":2,"mutantmonsters:creeper_shard":1,"travelersbackpack:sponge":3,"minecraft:arrow":72,"pvz_zengarden:zengarden_guide":1,"minecraft:saddle":1,"minecraft:gold_ingot":6,"create:cut_calcite_bricks":5,"minecraft:stripped_oak_log":1,"create:iron_sheet":1,"minecraft:leather":23,"minecraft:birch_planks":26,"toughasnails:purified_water_bottle":1,"minecraft:oak_log":5,"minecraft:chainmail_chestplate":2,"scalinghealth:bandages":3,"minecraft:gunpowder":71,"minecraft:yellow_bed":2,"minecraft:cobblestone_wall":3,"scalinghealth:heart_crystal":8,"farmersdelight:tatami":12,"mutantmonsters:mutant_skeleton_limb":1,"minecraft:white_banner":1,"scalinghealth:medkit":1,"minecraft:apple":1,"minecraft:stone_bricks":26,"minecraft:iron_ingot":2,"minecraft:oak_fence_gate":15,"minecraft:cooked_chicken":6,"scalinghealth:power_crystal_shard":8,"minecraft:glass_bottle":2,"minecraft:iron_sword":13,"create:mechanical_saw":1,"minecraft:book":54,"scalinghealth:heart_crystal_shard":22,"minecraft:sweet_berries":8,"minecraft:quartz":205,"minecraft:dripstone_block":12,"minecraft:gravel":306,"minecraft:lava_bucket":1,"minecraft:amethyst_shard":5,"minecraft:spruce_sapling":12,"minecraft:white_bed":1,"minecraft:spruce_log":57,"minecraft:spider_eye":11,"travelersbackpack:standard":1,"minecraft:chainmail_leggings":3,"tacz:modern_kinetic_gun":15,"minecraft:iron_helmet":1,"minecraft:oak_button":3,"tombstone:magic_scroll":1,"minecraft:melon_seeds":1,"minecraft:coal":541,"minecraft:ender_pearl":1},"minecraft:dropped":{"minecraft:moss_block":42,"create:vertical_gearbox":2,"minecraft:flint":3,"minecraft:music_disc_13":1,"minecraft:cyan_terracotta":13,"minecraft:dirt":31,"create:iron_sheet":1,"minecraft:iron_pickaxe":2,"minecraft:bone":10,"minecraft:gravel":371,"minecraft:obsidian":5,"boh:venison":5,"minecraft:chainmail_chestplate":3,"minecraft:melon_seeds":1,"minecraft:leather_boots":2,"minecraft:chainmail_boots":1,"farmersdelight:rope":7,"minecraft:arrow":51,"minecraft:enchanting_table":1,"minecraft:enchanted_book":3,"minecraft:water_bucket":1,"minecraft:iron_ingot":4,"minecraft:wheat_seeds":2,"scalinghealth:cursed_heart":1,"create:mechanical_saw":1,"minecraft:bookshelf":15,"minecraft:dripstone_block":8,"minecraft:diamond_leggings":1,"minecraft:poisonous_potato":1,"scalinghealth:heart_crystal_shard":8,"minecraft:granite":13,"minecraft:chainmail_helmet":1,"tacz:ammo_box":1,"tombstone:magic_scroll":2,"skilltree:gem":8,"minecraft:diamond_helmet":1,"minecraft:iron_leggings":4,"tacz:modern_kinetic_gun":14,"mcwbridges:andesite_bridge":2,"minecraft:music_disc_wait":1,"minecraft:chainmail_leggings":3,"minecraft:bucket":1,"create:ochrum":4,"minecraft:raw_copper":128,"minecraft:tuff":40,"farmersdelight:cabbage_seeds":4,"minecraft:iron_hoe":1,"minecraft:stripped_oak_log":1,"minecraft:name_tag":1,"scalinghealth:power_crystal_shard":8,"minecraft:gray_terracotta":2,"minecraft:shield":7,"minecraft:diamond_chestplate":1,"minecraft:diamond_pickaxe":2,"minecraft:iron_chestplate":3,"minecraft:andesite":2,"toughasnails:purified_water_bottle":1,"minecraft:stone_bricks":1,"tacz:ammo":90,"minecraft:diamond_boots":1,"waystones:waystone":2,"minecraft:stone_pickaxe":2,"minecraft:bow":5,"minecraft:wooden_pickaxe":1,"minecraft:calcite":8},"minecraft:used":{"minecraft:chest":5,"minecraft:shield":31,"minecraft:iron_sword":433,"create:tiled_glass":4,"minecraft:green_terracotta":4,"minecraft:iron_chestplate":2,"mcwdoors:garage_white_door":16,"minecraft:carrot":4,"minecraft:tuff":7,"minecraft:snowball":10,"minecraft:azure_bluet":1,"minecraft:glass":1,"minecraft:cyan_terracotta":102,"minecraft:lava_bucket":11,"farmersdelight:tomato":1,"minecraft:quartz_block":6,"create:scoria":2,"minecraft:stone_bricks":18,"pointblank:workstation":1,"minecraft:sweet_berries":8,"minecraft:furnace":6,"minecraft:oak_sapling":8,"minecraft:egg":3,"minecraft:potato":43,"minecraft:mossy_stone_bricks":2,"minecraft:diorite":5,"minecraft:stone_pickaxe":366,"minecraft:blackstone":1,"minecraft:wooden_pickaxe":26,"minecraft:sand":1,"farmersdelight:tatami":12,"minecraft:dripstone_block":3,"scalinghealth:enchanted_heart":3,"minecraft:bread":5,"tombstone:grave_key":3,"minecraft:oak_pressure_plate":2,"minecraft:iron_door":2,"minecraft:gravel":8,"storagedrawers:quantify_key":12,"minecraft:diamond_sword":213,"minecraft:grindstone":1,"minecraft:smithing_table":1,"minecraft:andesite":371,"minecraft:smooth_stone_slab":156,"minecraft:coarse_dirt":61,"minecraft:bone_meal":46,"minecraft:iron_bars":4,"tacz:gun_smith_table":1,"minecraft:spruce_planks":9,"minecraft:cooked_chicken":7,"minecraft:netherrack":18,"minecraft:torch":234,"minecraft:dirt":143,"minecraft:anvil":1,"scalinghealth:heart_crystal":1,"minecraft:cobblestone_wall":4,"minecraft:granite":8,"minecraft:oak_fence_gate":15,"minecraft:iron_hoe":141,"minecraft:wooden_axe":38,"mutantmonsters:creeper_shard":1,"minecraft:iron_boots":1,"scalinghealth:power_crystal":1,"minecraft:oxidized_copper":3,"travelersbackpack:sponge":4,"tombstone:gift":9,"minecraft:cooked_beef":3,"minecraft:iron_leggings":5,"minecraft:pointed_dripstone":3,"minecraft:calcite":110,"minecraft:wheat_seeds":1,"boh:cooked_venison":3,"minecraft:water_bucket":7,"minecraft:snow_block":3,"minecraft:glass_bottle":64,"minecraft:baked_potato":61,"storagedrawers:spruce_full_drawers_4":9,"minecraft:cauldron":3,"minecraft:cracked_stone_bricks":4,"create:cut_calcite_bricks":5,"minecraft:crafting_table":3,"minecraft:white_bed":1,"minecraft:spruce_log":2,"minecraft:diamond_pickaxe":1695,"minecraft:apple":1,"dramaticdoors:tall_oak_door":1,"minecraft:oak_button":2,"minecraft:iron_pickaxe":2026,"minecraft:cobblestone":44,"storagedrawers:oak_full_drawers_4":15,"travelersbackpack:standard":4,"toughasnails:purified_water_bottle":61,"minecraft:white_banner":1,"minecraft:bucket":30,"minecraft:yellow_bed":1,"storagedrawers:drawer_key":2,"minecraft:dandelion":3,"minecraft:smooth_stone":1,"minecraft:chainmail_leggings":1},"minecraft:killed":{"endofherobrine:silverfish":7,"minecraft:spider":26,"minecraft:skeleton":42,"minecraft:bee":1,"minecraft:chicken":2,"boh:rat":1,"alexsmobs:seal":1,"mutantmonsters:mutant_skeleton":1,"minecraft:creeper":43,"boh:deer":11,"minecraft:pillager":5,"minecraft:zombie":38,"endofherobrine:cow":2,"mutantmonsters:mutant_creeper":1,"minecraft:cow":6,"minecraft:phantom":4,"boh:souichi":1,"mutantmonsters:creeper_minion":3,"minecraft:enderman":2},"minecraft:crafted":{"minecraft:grindstone":1,"minecraft:oak_planks":45,"minecraft:rotten_flesh":3,"minecraft:stone":2,"minecraft:bookshelf":15,"minecraft:hopper":16,"minecraft:glass":48,"minecraft:diamond_helmet":1,"minecraft:repeater":1,"minecraft:diamond_leggings":1,"minecraft:iron_boots":2,"minecraft:chest":10,"storagedrawers:oak_full_drawers_4":8,"dramaticdoors:tall_oak_door":2,"minecraft:crafting_table":1,"minecraft:spruce_planks":72,"skilltree:gem":20,"tacz:ammo_box":1,"minecraft:iron_helmet":2,"minecraft:wooden_pickaxe":2,"storagedrawers:oak_full_drawers_1":1,"minecraft:smithing_table":1,"minecraft:copper_ingot":284,"minecraft:string":8,"minecraft:iron_chestplate":2,"minecraft:charcoal":1,"minecraft:diamond_pickaxe":2,"minecraft:stone_slab":2,"storagedrawers:fill_level_upgrade":1,"minecraft:stick":30,"minecraft:iron_ingot":201,"minecraft:iron_pickaxe":1,"minecraft:iron_block":4,"minecraft:snow_block":3,"minecraft:redstone_torch":3,"storagedrawers:upgrade_template":4,"minecraft:oak_door":3,"storagedrawers:quantify_key":1,"minecraft:furnace":4,"storagedrawers:spruce_full_drawers_4":4,"minecraft:bone_meal":18,"minecraft:stone_pickaxe":4,"minecraft:diamond_boots":1,"storagedrawers:diamond_storage_upgrade":1,"minecraft:diamond_sword":1,"pointblank:gunmetal_ingot":49,"minecraft:enchanting_table":1,"minecraft:iron_sword":1,"tacz:gun_smith_table":1,"mobdropsrecipes_overworld:overworld_essence_common":162,"minecraft:air":687,"minecraft:gunpowder":18,"minecraft:wooden_axe":1,"minecraft:writable_book":1,"minecraft:iron_leggings":4,"minecraft:anvil":1,"minecraft:torch":57,"create:zinc_ingot":9,"minecraft:diamond_chestplate":1},"minecraft:mined":{"minecraft:spruce_planks":9,"minecraft:white_bed":1,"minecraft:oak_sapling":1,"minecraft:farmland":22,"minecraft:granite":25,"travelersbackpack:sponge":2,"minecraft:grass_block":1,"minecraft:oak_pressure_plate":2,"create:tiled_glass":1,"minecraft:spawner":12,"minecraft:light_blue_stained_glass":1,"minecraft:smooth_stone":4,"minecraft:iron_ore":498,"minecraft:fire":6,"minecraft:anvil":4,"minecraft:gray_terracotta":2,"minecraft:quartz_block":8,"minecraft:cyan_terracotta":64,"minecraft:torch":9,"minecraft:calcite":24,"minecraft:oxidized_copper":3,"minecraft:chest":6,"minecraft:white_stained_glass_pane":2,"minecraft:nether_quartz_ore":210,"farmersdelight:cabbages":9,"minecraft:glass":1,"minecraft:cobblestone":7,"minecraft:iron_door":1,"minecraft:wall_torch":23,"minecraft:wheat":2,"minecraft:smooth_stone_slab":74,"minecraft:grass":2,"minecraft:oak_fence_gate":6,"minecraft:sand":49,"minecraft:dirt":41,"minecraft:netherrack":236,"minecraft:oak_leaves":2,"minecraft:deepslate":219,"create:zinc_ore":29,"minecraft:tuff":25,"minecraft:deepslate_diamond_ore":51,"mcwdoors:garage_white_door":9,"create:ochrum":4,"minecraft:spruce_leaves":1,"minecraft:moss_block":42,"minecraft:redstone_ore":14,"minecraft:furnace":2,"minecraft:carrots":4,"minecraft:andesite":1174,"minecraft:green_terracotta":4,"minecraft:bookshelf":18,"minecraft:potatoes":46,"minecraft:deepslate_iron_ore":14,"minecraft:stone":276,"minecraft:crafting_table":4,"endofherobrine:glowing_obsidian":6,"minecraft:copper_ore":479,"minecraft:tall_grass":1,"minecraft:lapis_ore":9,"minecraft:deepslate_gold_ore":8,"minecraft:diorite":5,"minecraft:coarse_dirt":53,"minecraft:spruce_log":20,"minecraft:yellow_bed":1,"farmersdelight:tatami":12,"minecraft:coal_ore":540,"minecraft:gravel":35,"minecraft:dripstone_block":8,"pointblank:workstation":1,"minecraft:cobweb":24,"storagedrawers:spruce_full_drawers_4":1,"minecraft:cracked_stone_bricks":2,"minecraft:stone_bricks":14,"minecraft:mossy_stone_bricks":1,"minecraft:gold_ore":34},"minecraft:killed_by":{"endofherobrine:cow":1,"minecraft:creeper":9,"minecraft:drowned":3,"mutantmonsters:mutant_creeper":4,"minecraft:zombie":19,"minecraft:spider":4,"minecraft:enderman":1,"mutantmonsters:mutant_skeleton":2,"minecraft:skeleton":19}},"DataVersion":3465}