{"stats":{"minecraft:custom":{"minecraft:interact_with_crafting_table":78,"minecraft:open_barrel":2,"minecraft:leave_game":12,"minecraft:time_since_death":20380,"minecraft:sprint_one_cm":2180187,"minecraft:damage_blocked_by_shield":2286,"minecraft:drop":186,"minecraft:play_time":670853,"minecraft:deaths":53,"minecraft:jump":5044,"minecraft:interact_with_brewingstand":1,"minecraft:walk_on_water_one_cm":14953,"minecraft:interact_with_furnace":148,"minecraft:sleep_in_bed":33,"tombstone:sneak_grave":2,"minecraft:damage_dealt":26420,"minecraft:crouch_one_cm":9171,"tombstone:undead_killed":69,"minecraft:interact_with_smoker":13,"minecraft:use_cauldron":10,"minecraft:horse_one_cm":2406,"minecraft:interact_with_smithing_table":2,"minecraft:mob_kills":187,"minecraft:interact_with_anvil":13,"minecraft:inspect_hopper":2,"minecraft:damage_dealt_resisted":1389,"minecraft:climb_one_cm":29710,"minecraft:walk_one_cm":2257597,"minecraft:sneak_time":9904,"minecraft:walk_under_water_one_cm":1021,"minecraft:interact_with_blast_furnace":2,"minecraft:total_world_time":670853,"spartanshields:shield_bash_hits":6,"tombstone:raider_killed":5,"minecraft:interact_with_grindstone":8,"minecraft:interact_with_stonecutter":3,"minecraft:time_since_rest":4830,"minecraft:damage_taken":22085,"minecraft:fly_one_cm":521274,"minecraft:open_chest":436,"minecraft:fall_one_cm":49045},"minecraft:broken":{"minecraft:iron_boots":2,"minecraft:stone_pickaxe":1,"minecraft:iron_sword":1,"minecraft:iron_helmet":2},"minecraft:picked_up":{"minecraft:iron_chestplate":2,"minecraft:wheat":1,"minecraft:chainmail_boots":1,"minecraft:anvil":4,"minecraft:music_disc_cat":1,"minecraft:string":58,"minecraft:raw_copper":1210,"minecraft:smooth_stone_slab":192,"minecraft:iron_leggings":1,"minecraft:smooth_stone":4,"minecraft:cobbled_deepslate":219,"farmersdelight:cabbage":8,"minecraft:spruce_planks":9,"minecraft:calcite":138,"minecraft:iron_pickaxe":3,"pointblank:workstation":1,"farmersdelight:cabbage_seeds":29,"minecraft:iron_boots":1,"minecraft:furnace":2,"minecraft:stick":2,"minecraft:torch":39,"storagedrawers:spruce_full_drawers_4":1,"tombstone:grave_dust":14,"minecraft:diorite":5,"minecraft:quartz_block":6,"minecraft:rotten_flesh":45,"create:scoria":2,"create:ochrum":4,"minecraft:cyan_terracotta":123,"farmersdelight:rope":7,"mcwdoors:garage_white_door":13,"minecraft:music_disc_wait":1,"minecraft:iron_bars":3,"minecraft:snowball":22,"minecraft:cobblestone":226,"minecraft:birch_log":16,"minecraft:feather":3,"minecraft:iron_door":4,"minecraft:water_bucket":1,"minecraft:andesite":964,"minecraft:potato":142,"paraglider:spirit_orb":18,"minecraft:flint":69,"minecraft:tuff":27,"storagedrawers:drawer_key":1,"create:raw_zinc":23,"skilltree:gem":191,"minecraft:lapis_lazuli":27,"farmersdelight:tomato":4,"minecraft:dirt":109,"minecraft:name_tag":1,"tacz:ammo_box":1,"minecraft:leather_boots":1,"minecraft:bone":46,"minecraft:gray_terracotta":2,"minecraft:bow":5,"minecraft:wheat_seeds":8,"minecraft:raw_gold":27,"minecraft:mossy_stone_bricks":2,"minecraft:moss_block":42,"minecraft:oak_planks":16,"minecraft:music_disc_13":1,"minecraft:poisonous_potato":1,"minecraft:sand":49,"mcwbridges:andesite_bridge":2,"create:tiled_glass":4,"minecraft:iron_hoe":2,"minecraft:diamond":51,"waystones:waystone":1,"minecraft:crossbow":1,"minecraft:granite":20,"minecraft:chainmail_helmet":1,"minecraft:bread":3,"minecraft:oak_sapling":21,"minecraft:coarse_dirt":61,"minecraft:crafting_table":4,"minecraft:chicken":2,"boh:venison":17,"minecraft:shield":7,"tacz:ammo":765,"minecraft:blackstone":1,"minecraft:cracked_stone_bricks":4,"minecraft:beef":7,"minecraft:iron_nugget":1,"minecraft:chest":7,"minecraft:birch_sapling":1,"minecraft:egg":3,"minecraft:raw_iron":438,"pointblank:gunmetal_nugget":261,"minecraft:carrot":16,"minecraft:redstone":58,"create:vertical_gearbox":2,"mutantmonsters:creeper_shard":1,"travelersbackpack:sponge":3,"minecraft:arrow":67,"pvz_zengarden:zengarden_guide":1,"minecraft:saddle":1,"minecraft:gold_ingot":6,"create:cut_calcite_bricks":5,"minecraft:stripped_oak_log":1,"create:iron_sheet":1,"minecraft:leather":20,"minecraft:birch_planks":24,"minecraft:oak_log":5,"minecraft:chainmail_chestplate":2,"scalinghealth:bandages":3,"minecraft:gunpowder":60,"minecraft:yellow_bed":2,"minecraft:cobblestone_wall":3,"scalinghealth:heart_crystal":7,"farmersdelight:tatami":11,"minecraft:white_banner":1,"scalinghealth:medkit":1,"minecraft:apple":1,"minecraft:stone_bricks":26,"minecraft:iron_ingot":2,"minecraft:oak_fence_gate":13,"minecraft:cooked_chicken":6,"scalinghealth:power_crystal_shard":8,"minecraft:iron_sword":13,"create:mechanical_saw":1,"minecraft:book":54,"scalinghealth:heart_crystal_shard":22,"minecraft:sweet_berries":8,"minecraft:dripstone_block":12,"minecraft:gravel":295,"minecraft:lava_bucket":1,"minecraft:spruce_sapling":12,"minecraft:white_bed":1,"minecraft:spruce_log":57,"minecraft:spider_eye":11,"travelersbackpack:standard":1,"tacz:modern_kinetic_gun":6,"minecraft:chainmail_leggings":3,"minecraft:iron_helmet":1,"minecraft:oak_button":3,"tombstone:magic_scroll":1,"minecraft:melon_seeds":1,"minecraft:coal":492,"minecraft:ender_pearl":1},"minecraft:dropped":{"minecraft:moss_block":42,"create:vertical_gearbox":2,"minecraft:flint":3,"minecraft:music_disc_13":1,"minecraft:cyan_terracotta":13,"minecraft:dirt":31,"create:iron_sheet":1,"minecraft:iron_pickaxe":2,"minecraft:bone":10,"minecraft:gravel":371,"minecraft:obsidian":5,"boh:venison":3,"minecraft:chainmail_chestplate":3,"minecraft:melon_seeds":1,"minecraft:leather_boots":1,"minecraft:chainmail_boots":1,"farmersdelight:rope":7,"minecraft:arrow":49,"minecraft:enchanting_table":1,"minecraft:enchanted_book":3,"minecraft:water_bucket":1,"minecraft:iron_ingot":4,"minecraft:wheat_seeds":2,"scalinghealth:cursed_heart":1,"create:mechanical_saw":1,"minecraft:bookshelf":15,"minecraft:dripstone_block":8,"minecraft:diamond_leggings":1,"minecraft:poisonous_potato":1,"scalinghealth:heart_crystal_shard":8,"minecraft:granite":13,"minecraft:chainmail_helmet":1,"tacz:ammo_box":1,"tombstone:magic_scroll":2,"skilltree:gem":8,"minecraft:diamond_helmet":1,"minecraft:iron_leggings":4,"tacz:modern_kinetic_gun":5,"mcwbridges:andesite_bridge":2,"minecraft:music_disc_wait":1,"minecraft:chainmail_leggings":3,"minecraft:bucket":1,"create:ochrum":4,"minecraft:raw_copper":128,"minecraft:tuff":40,"farmersdelight:cabbage_seeds":4,"minecraft:iron_hoe":1,"minecraft:stripped_oak_log":1,"minecraft:name_tag":1,"scalinghealth:power_crystal_shard":8,"minecraft:gray_terracotta":2,"minecraft:shield":7,"minecraft:diamond_chestplate":1,"minecraft:iron_chestplate":3,"minecraft:andesite":2,"minecraft:stone_bricks":1,"tacz:ammo":90,"minecraft:diamond_boots":1,"minecraft:stone_pickaxe":2,"minecraft:bow":5,"minecraft:wooden_pickaxe":1,"minecraft:calcite":8},"minecraft:used":{"minecraft:chest":4,"minecraft:shield":31,"minecraft:iron_sword":433,"create:tiled_glass":4,"minecraft:iron_chestplate":2,"mcwdoors:garage_white_door":13,"minecraft:carrot":4,"minecraft:tuff":7,"minecraft:snowball":10,"minecraft:azure_bluet":1,"minecraft:glass":1,"minecraft:cyan_terracotta":98,"minecraft:lava_bucket":8,"farmersdelight:tomato":1,"minecraft:quartz_block":6,"create:scoria":2,"minecraft:stone_bricks":18,"pointblank:workstation":1,"minecraft:sweet_berries":8,"minecraft:furnace":6,"minecraft:oak_sapling":8,"minecraft:egg":3,"minecraft:potato":43,"minecraft:mossy_stone_bricks":2,"minecraft:diorite":5,"minecraft:stone_pickaxe":366,"minecraft:blackstone":1,"minecraft:wooden_pickaxe":26,"minecraft:sand":1,"farmersdelight:tatami":11,"minecraft:dripstone_block":3,"scalinghealth:enchanted_heart":3,"minecraft:bread":5,"tombstone:grave_key":3,"minecraft:iron_door":2,"minecraft:gravel":8,"storagedrawers:quantify_key":9,"minecraft:diamond_sword":112,"minecraft:grindstone":1,"minecraft:smithing_table":1,"minecraft:andesite":318,"minecraft:smooth_stone_slab":156,"minecraft:coarse_dirt":61,"minecraft:bone_meal":46,"minecraft:iron_bars":4,"tacz:gun_smith_table":1,"minecraft:spruce_planks":9,"minecraft:cooked_chicken":7,"minecraft:torch":206,"minecraft:dirt":143,"minecraft:anvil":1,"scalinghealth:heart_crystal":1,"minecraft:cobblestone_wall":4,"minecraft:granite":7,"minecraft:oak_fence_gate":13,"minecraft:iron_hoe":141,"minecraft:wooden_axe":38,"mutantmonsters:creeper_shard":1,"minecraft:iron_boots":1,"scalinghealth:power_crystal":1,"travelersbackpack:sponge":4,"tombstone:gift":9,"minecraft:cooked_beef":3,"minecraft:iron_leggings":4,"minecraft:pointed_dripstone":3,"minecraft:calcite":110,"boh:cooked_venison":3,"minecraft:water_bucket":7,"minecraft:snow_block":3,"minecraft:glass_bottle":51,"minecraft:baked_potato":44,"storagedrawers:spruce_full_drawers_4":5,"minecraft:cauldron":3,"minecraft:cracked_stone_bricks":4,"create:cut_calcite_bricks":5,"minecraft:crafting_table":3,"minecraft:white_bed":1,"minecraft:spruce_log":2,"minecraft:diamond_pickaxe":1142,"minecraft:apple":1,"dramaticdoors:tall_oak_door":1,"minecraft:oak_button":2,"minecraft:iron_pickaxe":1503,"minecraft:cobblestone":40,"storagedrawers:oak_full_drawers_4":8,"toughasnails:purified_water_bottle":50,"travelersbackpack:standard":4,"minecraft:white_banner":1,"minecraft:bucket":22,"minecraft:yellow_bed":1,"storagedrawers:drawer_key":2,"minecraft:dandelion":3,"minecraft:smooth_stone":1,"minecraft:chainmail_leggings":1},"minecraft:killed":{"endofherobrine:silverfish":4,"minecraft:spider":25,"minecraft:skeleton":37,"minecraft:bee":1,"minecraft:chicken":2,"alexsmobs:seal":1,"mutantmonsters:mutant_skeleton":1,"minecraft:creeper":37,"boh:deer":9,"minecraft:pillager":5,"minecraft:zombie":31,"mutantmonsters:mutant_creeper":1,"minecraft:cow":5,"minecraft:phantom":4,"boh:souichi":1,"mutantmonsters:creeper_minion":3,"minecraft:enderman":2},"minecraft:crafted":{"minecraft:grindstone":1,"minecraft:oak_planks":45,"minecraft:rotten_flesh":3,"minecraft:stone":2,"minecraft:bookshelf":15,"minecraft:glass":48,"minecraft:diamond_helmet":1,"minecraft:repeater":1,"minecraft:diamond_leggings":1,"minecraft:iron_boots":1,"minecraft:chest":10,"storagedrawers:oak_full_drawers_4":8,"dramaticdoors:tall_oak_door":2,"minecraft:crafting_table":1,"minecraft:spruce_planks":72,"skilltree:gem":20,"tacz:ammo_box":1,"minecraft:iron_helmet":1,"minecraft:wooden_pickaxe":2,"storagedrawers:oak_full_drawers_1":1,"minecraft:smithing_table":1,"minecraft:copper_ingot":284,"minecraft:string":8,"minecraft:iron_chestplate":1,"minecraft:charcoal":1,"minecraft:diamond_pickaxe":2,"minecraft:stone_slab":2,"storagedrawers:fill_level_upgrade":1,"minecraft:stick":29,"minecraft:iron_ingot":134,"minecraft:iron_pickaxe":1,"minecraft:iron_block":4,"minecraft:snow_block":3,"minecraft:redstone_torch":3,"storagedrawers:upgrade_template":4,"minecraft:oak_door":3,"storagedrawers:quantify_key":1,"minecraft:furnace":4,"storagedrawers:spruce_full_drawers_4":4,"minecraft:bone_meal":18,"minecraft:stone_pickaxe":4,"minecraft:diamond_boots":1,"storagedrawers:diamond_storage_upgrade":1,"minecraft:diamond_sword":1,"pointblank:gunmetal_ingot":38,"minecraft:enchanting_table":1,"minecraft:iron_sword":1,"tacz:gun_smith_table":1,"mobdropsrecipes_overworld:overworld_essence_common":143,"minecraft:air":637,"minecraft:gunpowder":16,"minecraft:wooden_axe":1,"minecraft:writable_book":1,"minecraft:iron_leggings":3,"minecraft:anvil":1,"minecraft:torch":50,"create:zinc_ingot":9,"minecraft:diamond_chestplate":1},"minecraft:mined":{"minecraft:spruce_planks":9,"minecraft:white_bed":1,"minecraft:oak_sapling":1,"minecraft:farmland":22,"minecraft:granite":19,"travelersbackpack:sponge":2,"minecraft:grass_block":1,"create:tiled_glass":1,"minecraft:spawner":12,"minecraft:smooth_stone":4,"minecraft:iron_ore":424,"minecraft:fire":6,"minecraft:anvil":4,"minecraft:gray_terracotta":2,"minecraft:quartz_block":6,"minecraft:cyan_terracotta":64,"minecraft:torch":9,"minecraft:calcite":24,"minecraft:chest":6,"minecraft:white_stained_glass_pane":2,"farmersdelight:cabbages":9,"minecraft:glass":1,"minecraft:cobblestone":7,"minecraft:iron_door":1,"minecraft:wall_torch":21,"minecraft:wheat":2,"minecraft:smooth_stone_slab":74,"minecraft:grass":1,"minecraft:oak_fence_gate":5,"minecraft:sand":49,"minecraft:dirt":38,"minecraft:oak_leaves":2,"minecraft:deepslate":219,"create:zinc_ore":23,"minecraft:tuff":25,"minecraft:deepslate_diamond_ore":51,"mcwdoors:garage_white_door":9,"create:ochrum":4,"minecraft:moss_block":42,"minecraft:redstone_ore":14,"minecraft:furnace":2,"minecraft:carrots":4,"minecraft:andesite":951,"minecraft:bookshelf":18,"minecraft:potatoes":46,"minecraft:deepslate_iron_ore":14,"minecraft:stone":196,"minecraft:crafting_table":4,"endofherobrine:glowing_obsidian":5,"minecraft:copper_ore":318,"minecraft:tall_grass":1,"minecraft:lapis_ore":4,"minecraft:deepslate_gold_ore":5,"minecraft:diorite":5,"minecraft:coarse_dirt":53,"minecraft:spruce_log":20,"minecraft:yellow_bed":1,"farmersdelight:tatami":11,"minecraft:coal_ore":491,"minecraft:gravel":22,"minecraft:dripstone_block":8,"pointblank:workstation":1,"storagedrawers:spruce_full_drawers_4":1,"minecraft:cobweb":24,"minecraft:cracked_stone_bricks":2,"minecraft:stone_bricks":14,"minecraft:mossy_stone_bricks":1,"minecraft:gold_ore":22},"minecraft:killed_by":{"minecraft:creeper":8,"minecraft:drowned":3,"mutantmonsters:mutant_creeper":4,"minecraft:zombie":17,"minecraft:spider":4,"minecraft:enderman":1,"mutantmonsters:mutant_skeleton":1,"minecraft:skeleton":14}},"DataVersion":3465}