{"stats":{"minecraft:killed_by":{"minecraft:creeper":4,"minecraft:spider":1,"minecraft:enderman":1,"minecraft:drowned":3,"minecraft:skeleton":6,"minecraft:zombie":4},"minecraft:custom":{"minecraft:interact_with_anvil":8,"minecraft:mob_kills":38,"minecraft:interact_with_crafting_table":38,"minecraft:damage_dealt_resisted":230,"minecraft:leave_game":5,"minecraft:time_since_death":959,"minecraft:climb_one_cm":2901,"minecraft:sprint_one_cm":410245,"minecraft:walk_one_cm":706331,"minecraft:damage_blocked_by_shield":2286,"minecraft:drop":62,"minecraft:play_time":225786,"minecraft:deaths":19,"minecraft:sneak_time":3068,"minecraft:walk_under_water_one_cm":240,"minecraft:jump":1954,"minecraft:walk_on_water_one_cm":1870,"minecraft:total_world_time":225786,"minecraft:interact_with_furnace":145,"spartanshields:shield_bash_hits":6,"minecraft:interact_with_grindstone":5,"minecraft:interact_with_stonecutter":3,"minecraft:sleep_in_bed":9,"minecraft:time_since_rest":839,"minecraft:damage_taken":6856,"minecraft:damage_dealt":6107,"minecraft:fly_one_cm":116214,"minecraft:open_chest":153,"minecraft:crouch_one_cm":1949,"tombstone:undead_killed":13,"minecraft:interact_with_smoker":1,"minecraft:fall_one_cm":14368},"minecraft:mined":{"minecraft:tuff":20,"minecraft:spruce_planks":9,"minecraft:white_bed":1,"minecraft:deepslate_diamond_ore":51,"minecraft:granite":10,"minecraft:smooth_stone":1,"minecraft:redstone_ore":14,"minecraft:furnace":2,"minecraft:iron_ore":197,"minecraft:andesite":560,"minecraft:deepslate_iron_ore":2,"minecraft:stone":169,"minecraft:quartz_block":2,"minecraft:cyan_terracotta":1,"minecraft:crafting_table":4,"minecraft:torch":5,"minecraft:calcite":21,"minecraft:chest":2,"minecraft:glass":1,"minecraft:cobblestone":2,"minecraft:copper_ore":125,"minecraft:lapis_ore":4,"minecraft:wall_torch":16,"minecraft:coarse_dirt":53,"minecraft:spruce_log":20,"minecraft:yellow_bed":1,"minecraft:coal_ore":350,"minecraft:dirt":20,"minecraft:gravel":19,"minecraft:sand":49,"minecraft:cobweb":3,"storagedrawers:spruce_full_drawers_4":1,"minecraft:cracked_stone_bricks":1,"minecraft:stone_bricks":1,"minecraft:deepslate":213},"minecraft:picked_up":{"minecraft:crafting_table":4,"minecraft:iron_chestplate":1,"minecraft:coarse_dirt":60,"minecraft:chainmail_boots":1,"minecraft:chicken":1,"minecraft:shield":1,"minecraft:string":19,"minecraft:raw_copper":430,"tacz:ammo":135,"minecraft:cracked_stone_bricks":2,"minecraft:smooth_stone":1,"minecraft:cobbled_deepslate":213,"minecraft:spruce_planks":9,"minecraft:beef":1,"minecraft:calcite":117,"minecraft:iron_pickaxe":2,"minecraft:chest":2,"minecraft:furnace":2,"minecraft:iron_boots":1,"minecraft:egg":2,"minecraft:stick":1,"minecraft:raw_iron":199,"minecraft:torch":24,"storagedrawers:spruce_full_drawers_4":1,"pointblank:gunmetal_nugget":44,"tombstone:grave_dust":3,"minecraft:redstone":58,"minecraft:quartz_block":2,"minecraft:arrow":17,"minecraft:rotten_flesh":8,"pvz_zengarden:zengarden_guide":1,"minecraft:cyan_terracotta":1,"minecraft:snowball":4,"minecraft:iron_bars":2,"minecraft:cobblestone":177,"minecraft:birch_log":16,"create:iron_sheet":1,"minecraft:feather":1,"minecraft:andesite":565,"minecraft:leather":1,"minecraft:birch_planks":24,"minecraft:flint":3,"minecraft:tuff":20,"minecraft:chainmail_chestplate":2,"minecraft:yellow_bed":2,"minecraft:gunpowder":12,"scalinghealth:heart_crystal":3,"skilltree:gem":115,"minecraft:lapis_lazuli":27,"minecraft:dirt":22,"minecraft:bone":12,"minecraft:stone_bricks":6,"minecraft:bow":4,"minecraft:cooked_chicken":6,"minecraft:mossy_stone_bricks":1,"minecraft:iron_sword":6,"minecraft:gravel":19,"minecraft:sand":49,"minecraft:spruce_sapling":12,"minecraft:white_bed":1,"minecraft:spruce_log":57,"minecraft:spider_eye":2,"travelersbackpack:standard":1,"minecraft:iron_hoe":1,"minecraft:diamond":51,"tacz:modern_kinetic_gun":4,"minecraft:chainmail_leggings":2,"minecraft:iron_helmet":1,"minecraft:crossbow":1,"minecraft:granite":11,"minecraft:chainmail_helmet":1,"minecraft:bread":3,"minecraft:coal":350},"minecraft:dropped":{"minecraft:enchanted_book":1,"minecraft:wheat_seeds":1,"minecraft:diamond_leggings":1,"minecraft:granite":11,"minecraft:chainmail_helmet":1,"minecraft:flint":1,"minecraft:dirt":2,"skilltree:gem":8,"minecraft:diamond_helmet":1,"tacz:modern_kinetic_gun":3,"create:iron_sheet":1,"minecraft:iron_pickaxe":2,"minecraft:chainmail_leggings":2,"minecraft:bone":1,"minecraft:gravel":11,"minecraft:tuff":40,"minecraft:iron_hoe":1,"minecraft:chainmail_chestplate":3,"minecraft:diamond_chestplate":1,"minecraft:andesite":2,"minecraft:chainmail_boots":1,"tacz:ammo":90,"minecraft:diamond_boots":1,"minecraft:wooden_pickaxe":1,"minecraft:arrow":14,"minecraft:bow":4,"minecraft:stone_pickaxe":2,"minecraft:calcite":8},"minecraft:killed":{"minecraft:spider":6,"minecraft:skeleton":8,"minecraft:chicken":1,"boh:souichi":1,"alexsmobs:seal":1,"minecraft:creeper":5,"minecraft:zombie":5,"minecraft:cow":1},"minecraft:broken":{"minecraft:stone_pickaxe":1,"minecraft:iron_helmet":1},"minecraft:used":{"minecraft:iron_bars":2,"tacz:gun_smith_table":1,"minecraft:spruce_planks":9,"minecraft:chest":2,"minecraft:shield":31,"minecraft:iron_sword":112,"minecraft:cooked_chicken":6,"minecraft:iron_chestplate":1,"minecraft:torch":125,"minecraft:dirt":14,"minecraft:anvil":1,"scalinghealth:heart_crystal":1,"minecraft:snowball":4,"minecraft:azure_bluet":1,"minecraft:glass":1,"minecraft:iron_hoe":1,"minecraft:wooden_axe":38,"minecraft:cyan_terracotta":1,"minecraft:iron_boots":1,"minecraft:stone_bricks":6,"minecraft:furnace":6,"tombstone:gift":7,"minecraft:egg":2,"minecraft:iron_leggings":1,"minecraft:calcite":89,"minecraft:mossy_stone_bricks":1,"minecraft:glass_bottle":3,"minecraft:stone_pickaxe":366,"storagedrawers:spruce_full_drawers_4":5,"minecraft:wooden_pickaxe":26,"minecraft:cracked_stone_bricks":2,"minecraft:sand":1,"minecraft:crafting_table":3,"minecraft:white_bed":1,"minecraft:spruce_log":2,"minecraft:diamond_pickaxe":475,"minecraft:bread":3,"minecraft:iron_pickaxe":886,"tombstone:grave_key":1,"minecraft:gravel":4,"toughasnails:purified_water_bottle":3,"minecraft:cobblestone":13,"minecraft:grindstone":1,"minecraft:andesite":71,"minecraft:yellow_bed":1,"minecraft:coarse_dirt":60,"minecraft:dandelion":3,"minecraft:smooth_stone":1,"minecraft:chainmail_leggings":1},"minecraft:crafted":{"minecraft:grindstone":1,"minecraft:oak_planks":2,"minecraft:furnace":4,"storagedrawers:spruce_full_drawers_4":4,"minecraft:stone":2,"minecraft:glass":48,"minecraft:repeater":1,"minecraft:diamond_helmet":1,"minecraft:diamond_leggings":1,"minecraft:stone_pickaxe":4,"minecraft:chest":6,"minecraft:diamond_boots":1,"storagedrawers:diamond_storage_upgrade":1,"pointblank:gunmetal_ingot":5,"minecraft:crafting_table":1,"minecraft:spruce_planks":72,"minecraft:wooden_pickaxe":2,"storagedrawers:oak_full_drawers_1":1,"tacz:gun_smith_table":1,"minecraft:copper_ingot":284,"mobdropsrecipes_overworld:overworld_essence_common":39,"minecraft:air":235,"minecraft:string":8,"minecraft:diamond_pickaxe":1,"minecraft:charcoal":1,"storagedrawers:fill_level_upgrade":1,"minecraft:stick":28,"minecraft:stone_slab":2,"minecraft:gunpowder":3,"minecraft:iron_ingot":106,"minecraft:iron_pickaxe":1,"minecraft:wooden_axe":1,"minecraft:iron_block":4,"minecraft:iron_leggings":1,"minecraft:anvil":1,"minecraft:redstone_torch":3,"minecraft:torch":25,"storagedrawers:upgrade_template":4,"create:zinc_ingot":9,"minecraft:diamond_chestplate":1}},"DataVersion":3465}