{"stats":{"minecraft:custom":{"minecraft:interact_with_smithing_table":1,"minecraft:mob_kills":51,"minecraft:interact_with_crafting_table":32,"minecraft:bell_ring":7,"minecraft:damage_dealt_resisted":286,"minecraft:leave_game":14,"minecraft:time_since_death":96975,"minecraft:climb_one_cm":3980,"minecraft:sprint_one_cm":319231,"minecraft:walk_one_cm":1033945,"minecraft:damage_blocked_by_shield":1816,"minecraft:drop":40,"minecraft:play_time":236941,"minecraft:deaths":24,"minecraft:sneak_time":2050,"minecraft:walk_under_water_one_cm":23317,"minecraft:jump":2318,"minecraft:interact_with_blast_furnace":18,"minecraft:walk_on_water_one_cm":19077,"minecraft:total_world_time":237667,"minecraft:interact_with_furnace":98,"spartanshields:shield_bash_hits":3,"tombstone:raider_killed":1,"minecraft:interact_with_stonecutter":2,"minecraft:sleep_in_bed":7,"minecraft:time_since_rest":41540,"minecraft:damage_taken":9785,"minecraft:damage_dealt":8384,"minecraft:fly_one_cm":251832,"minecraft:open_chest":206,"minecraft:crouch_one_cm":4298,"tombstone:undead_killed":23,"minecraft:interact_with_smoker":4,"minecraft:fall_one_cm":39774,"minecraft:horse_one_cm":418},"minecraft:broken":{"minecraft:chainmail_helmet":1,"minecraft:wooden_pickaxe":1,"minecraft:stone_pickaxe":1,"spartanshields:stone_basic_shield":1,"minecraft:iron_pickaxe":2},"minecraft:picked_up":{"minecraft:coarse_dirt":81,"minecraft:allium":8,"minecraft:chicken":6,"minecraft:clay_ball":1,"minecraft:yellow_wool":18,"minecraft:wooden_pickaxe":1,"boh:spinel":4,"minecraft:brewing_stand":1,"minecraft:music_disc_cat":1,"minecraft:string":7,"minecraft:raw_copper":211,"tacz:ammo":30,"minecraft:diamond_leggings":1,"farmersdelight:cabbage":6,"minecraft:bucket":1,"minecraft:calcite":92,"minecraft:iron_pickaxe":2,"minecraft:chest":3,"minecraft:birch_sapling":13,"farmersdelight:cabbage_seeds":37,"minecraft:raw_copper_block":3,"minecraft:furnace":7,"minecraft:egg":4,"minecraft:raw_iron":42,"minecraft:stick":22,"travelersbackpack:yellow_sleeping_bag":5,"minecraft:oak_door":1,"minecraft:torch":20,"minecraft:porkchop":11,"pointblank:gunmetal_nugget":87,"minecraft:pointed_dripstone":21,"tombstone:grave_dust":8,"minecraft:quartz_block":2,"minecraft:arrow":41,"minecraft:rotten_flesh":8,"minecraft:diamond_chestplate":1,"k_turrets:raw_titanium":15,"minecraft:diamond_boots":1,"pvz_zengarden:zengarden_guide":1,"minecraft:cyan_terracotta":53,"minecraft:white_wool":9,"minecraft:snowball":10,"minecraft:rail":64,"minecraft:cobblestone":141,"minecraft:birch_log":76,"create:iron_sheet":1,"minecraft:feather":7,"minecraft:cooked_beef":16,"minecraft:glow_ink_sac":14,"minecraft:andesite":226,"minecraft:smoker":1,"minecraft:potato":2,"minecraft:tuff":20,"create:raw_zinc":52,"minecraft:oak_log":148,"minecraft:chainmail_chestplate":2,"scalinghealth:heart_crystal":1,"skilltree:gem":35,"minecraft:lapis_lazuli":58,"minecraft:dirt":14,"minecraft:bone":27,"minecraft:apple":4,"minecraft:stonecutter":1,"minecraft:bow":5,"minecraft:wheat_seeds":9,"minecraft:stone_pickaxe":2,"minecraft:diamond_helmet":1,"minecraft:glowstone_dust":2,"minecraft:oak_planks":4,"minecraft:iron_sword":4,"minecraft:book":9,"scalinghealth:heart_crystal_shard":10,"minecraft:cooked_porkchop":1,"minecraft:dripstone_block":1,"minecraft:sand":27,"minecraft:spruce_sapling":3,"minecraft:blast_furnace":2,"minecraft:spruce_log":40,"alexsmobs:animal_dictionary":1,"travelersbackpack:standard":1,"tacz:modern_kinetic_gun":1,"minecraft:chainmail_leggings":3,"minecraft:iron_helmet":1,"minecraft:granite":2,"minecraft:bread":1,"minecraft:chainmail_helmet":1,"scalinghealth:cursed_heart":1,"minecraft:oak_sapling":31,"minecraft:coal":239,"minecraft:hopper":7},"minecraft:dropped":{"minecraft:birch_planks":24,"minecraft:wheat_seeds":1,"minecraft:dripstone_block":1,"minecraft:iron_helmet":1,"minecraft:cobblestone":6,"travelersbackpack:standard":1,"minecraft:stick":3,"minecraft:dirt":7,"minecraft:raw_copper_block":2,"tombstone:grave_dust":3,"minecraft:chainmail_leggings":3,"minecraft:string":2,"minecraft:birch_log":16,"minecraft:bucket":1,"minecraft:music_disc_cat":1,"minecraft:spruce_sapling":3,"minecraft:stone_axe":1,"minecraft:stone_sword":1,"alexsmobs:animal_dictionary":2,"minecraft:yellow_wool":9,"farmersdelight:cabbage_seeds":28,"minecraft:clay_ball":1,"minecraft:chainmail_chestplate":1,"minecraft:potato":2,"minecraft:andesite":44,"minecraft:chainmail_boots":1,"minecraft:spruce_log":36,"minecraft:bow":2,"minecraft:stone_pickaxe":2},"minecraft:killed":{"minecraft:witch":1,"minecraft:spider":2,"alexsmobs:seagull":1,"minecraft:phantom":3,"minecraft:skeleton":16,"minecraft:chicken":6,"minecraft:pig":4,"minecraft:creeper":1,"minecraft:zombie":7},"minecraft:used":{"farmersdelight:cabbage_seeds":9,"minecraft:chest":9,"minecraft:iron_sword":168,"minecraft:cooked_chicken":1,"minecraft:rotten_flesh":6,"minecraft:oak_door":1,"minecraft:torch":26,"minecraft:dirt":23,"minecraft:hopper":11,"minecraft:carrot":8,"minecraft:snowball":1,"minecraft:iron_hoe":68,"minecraft:iron_axe":211,"minecraft:bow":46,"minecraft:furnace":3,"tombstone:gift":4,"minecraft:potato":6,"farmersdelight:tomato_seeds":6,"minecraft:calcite":90,"minecraft:wheat_seeds":7,"minecraft:water_bucket":1,"minecraft:oak_planks":4,"minecraft:stone_pickaxe":376,"minecraft:wooden_pickaxe":59,"minecraft:chainmail_helmet":1,"minecraft:stonecutter":1,"minecraft:rail":55,"minecraft:crafting_table":2,"minecraft:blast_furnace":3,"minecraft:smoker":2,"minecraft:oak_log":4,"minecraft:apple":2,"minecraft:bread":1,"spartanshields:stone_basic_shield":25,"minecraft:iron_pickaxe":428,"tombstone:grave_key":23,"minecraft:stone_axe":68,"minecraft:cobblestone":74,"toughasnails:purified_water_bottle":3,"minecraft:cooked_porkchop":11,"minecraft:bucket":1,"minecraft:andesite":24,"minecraft:coarse_dirt":23,"travelersbackpack:yellow_sleeping_bag":6},"minecraft:crafted":{"minecraft:smooth_stone":3,"minecraft:oak_planks":80,"minecraft:cooked_chicken":1,"travelersbackpack:yellow_sleeping_bag":1,"minecraft:furnace":1,"minecraft:blast_furnace":1,"minecraft:stone":3,"k_turrets:titanium_ingot":18,"minecraft:glass":13,"minecraft:hopper":4,"minecraft:bow":2,"minecraft:raw_copper":9,"minecraft:iron_axe":1,"minecraft:stone_pickaxe":3,"minecraft:chest":10,"minecraft:smoker":1,"minecraft:minecart":1,"scalinghealth:heart_dust":1,"minecraft:cooked_porkchop":11,"minecraft:crafting_table":2,"pointblank:gunmetal_ingot":9,"minecraft:spruce_planks":8,"spartanshields:stone_basic_shield":1,"minecraft:copper_ingot":145,"minecraft:birch_planks":35,"minecraft:stone_axe":1,"minecraft:air":61,"minecraft:stick":14,"minecraft:iron_ingot":47,"minecraft:iron_pickaxe":2,"minecraft:stone_sword":1,"spartanshields:wooden_basic_shield":1,"minecraft:torch":4,"create:zinc_ingot":43},"minecraft:mined":{"create:zinc_ore":52,"minecraft:large_amethyst_bud":1,"minecraft:brewing_stand":1,"minecraft:granite":2,"minecraft:allium":8,"farmersdelight:wild_cabbages":39,"minecraft:spruce_leaves":10,"minecraft:hopper":7,"minecraft:large_fern":1,"minecraft:furnace":7,"minecraft:iron_ore":39,"minecraft:fire":2,"minecraft:andesite":222,"minecraft:bookshelf":3,"minecraft:pointed_dripstone":9,"minecraft:vine":2,"minecraft:deepslate_iron_ore":3,"travelersbackpack:yellow_sleeping_bag":5,"minecraft:rail":65,"minecraft:small_amethyst_bud":1,"minecraft:stone":142,"minecraft:white_wool":9,"minecraft:quartz_block":2,"minecraft:cyan_terracotta":53,"minecraft:medium_amethyst_bud":1,"minecraft:smoker":1,"minecraft:torch":5,"minecraft:blast_furnace":2,"minecraft:calcite":85,"minecraft:chest":3,"minecraft:tall_grass":3,"minecraft:copper_ore":60,"minecraft:cobblestone":6,"minecraft:deepslate_coal_ore":2,"minecraft:lapis_ore":11,"minecraft:oak_planks":4,"minecraft:wall_torch":15,"farmersdelight:sandy_shrub":5,"minecraft:coarse_dirt":36,"boh:spinel_ore_ore":4,"minecraft:yellow_wool":9,"minecraft:birch_log":77,"minecraft:spruce_log":40,"minecraft:grass":35,"k_turrets:titanium_ore":15,"minecraft:coal_ore":48,"minecraft:oak_log":149,"minecraft:sand":14,"minecraft:dripstone_block":3,"minecraft:dirt":13,"minecraft:cobweb":6,"minecraft:raw_copper_block":4,"minecraft:stonecutter":1,"minecraft:oak_leaves":2,"minecraft:fern":3},"minecraft:killed_by":{"minecraft:creeper":2,"mutantmonsters:mutant_skeleton":2,"minecraft:skeleton":3,"minecraft:zombie":5}},"DataVersion":3465}