{"stats":{"minecraft:custom":{"minecraft:interact_with_crafting_table":113,"minecraft:bell_ring":7,"minecraft:leave_game":41,"minecraft:time_since_death":77610,"minecraft:damage_resisted":66,"minecraft:sprint_one_cm":1249461,"minecraft:damage_blocked_by_shield":5909,"minecraft:drop":107,"minecraft:talked_to_villager":3,"minecraft:play_time":742494,"minecraft:deaths":32,"minecraft:jump":5443,"minecraft:walk_on_water_one_cm":49662,"minecraft:enchant_item":2,"minecraft:interact_with_furnace":112,"minecraft:sleep_in_bed":24,"minecraft:waystone_activated":1,"minecraft:damage_dealt":15072,"minecraft:crouch_one_cm":14014,"tombstone:undead_killed":89,"minecraft:interact_with_smoker":16,"minecraft:horse_one_cm":418,"minecraft:interact_with_smithing_table":4,"minecraft:interact_with_anvil":3,"minecraft:mob_kills":173,"minecraft:inspect_hopper":2,"minecraft:damage_dealt_resisted":5865,"minecraft:climb_one_cm":13772,"minecraft:walk_one_cm":3731808,"minecraft:sneak_time":7671,"minecraft:walk_under_water_one_cm":42214,"minecraft:interact_with_blast_furnace":25,"minecraft:total_world_time":743220,"spartanshields:shield_bash_hits":10,"tombstone:raider_killed":1,"minecraft:interact_with_stonecutter":2,"minecraft:time_since_rest":59833,"minecraft:damage_taken":16385,"minecraft:swim_one_cm":8488,"minecraft:fly_one_cm":699295,"minecraft:open_chest":684,"minecraft:fall_one_cm":92557},"minecraft:broken":{"minecraft:stone_pickaxe":1,"spartanshields:stone_basic_shield":1,"minecraft:chainmail_helmet":1,"minecraft:wooden_pickaxe":1,"minecraft:iron_axe":2,"minecraft:iron_pickaxe":2},"minecraft:picked_up":{"minecraft:iron_chestplate":2,"minecraft:yellow_wool":18,"minecraft:lead":1,"boh:spinel":4,"minecraft:brewing_stand":1,"farmersdelight:cutting_board":1,"paraglider:goddess_statue":1,"minecraft:music_disc_cat":1,"minecraft:string":19,"minecraft:raw_copper":211,"create:andesite_funnel":3,"minecraft:diamond_leggings":1,"minecraft:red_sand":12,"minecraft:smooth_stone":2,"minecraft:cobbled_deepslate":53,"minecraft:bucket":2,"farmersdelight:cabbage":6,"minecraft:calcite":197,"minecraft:iron_pickaxe":2,"farmersdelight:cabbage_seeds":37,"minecraft:furnace":7,"minecraft:tipped_arrow":65,"minecraft:stick":70,"farmersdelight:potato_crate":3,"travelersbackpack:yellow_sleeping_bag":5,"minecraft:torch":35,"minecraft:porkchop":11,"tombstone:grave_dust":17,"minecraft:pointed_dripstone":21,"farmersdelight:chicken_cuts":2,"minecraft:green_terracotta":2,"mutantmonsters:hulk_hammer":2,"minecraft:quartz_block":2,"minecraft:cactus":3,"minecraft:rotten_flesh":27,"mcwdoors:metal_windowed_door":2,"minecraft:cyan_terracotta":171,"minecraft:snowball":50,"minecraft:cobblestone":167,"minecraft:birch_log":257,"minecraft:feather":7,"minecraft:cooked_beef":17,"minecraft:iron_door":2,"minecraft:andesite":229,"minecraft:smoker":1,"minecraft:potato":20,"alexsmobs:bison_fur":6,"paraglider:spirit_orb":2,"minecraft:flint":54,"minecraft:tuff":42,"create:raw_zinc":52,"farmersdelight:carrot_crate":2,"skilltree:gem":40,"minecraft:lapis_lazuli":58,"farmersdelight:tomato":2,"minecraft:dirt":158,"tacz:ammo_box":1,"minecraft:bone":66,"minecraft:stonecutter":1,"minecraft:gray_terracotta":5,"minecraft:bow":8,"minecraft:wheat_seeds":377,"minecraft:raw_gold":17,"minecraft:diamond_helmet":1,"minecraft:glowstone_dust":2,"minecraft:moss_block":89,"minecraft:oak_planks":4,"minecraft:cooked_porkchop":1,"minecraft:sand":27,"minecraft:ink_sac":3,"minecraft:lily_of_the_valley":1,"alexsmobs:animal_dictionary":1,"travelersbackpack:white_sleeping_bag":2,"minecraft:polished_andesite":8,"waystones:waystone":3,"minecraft:granite":2,"minecraft:bone_meal":1,"minecraft:chainmail_helmet":1,"minecraft:bread":1,"scalinghealth:cursed_heart":1,"minecraft:oak_sapling":112,"minecraft:netherrack":3,"minecraft:diamond_pickaxe":29,"minecraft:coarse_dirt":81,"minecraft:crafting_table":1,"minecraft:allium":8,"minecraft:chicken":7,"minecraft:nether_wart":2,"minecraft:clay_ball":129,"minecraft:turtle_helmet":1,"minecraft:brown_mushroom":12,"minecraft:wooden_pickaxe":1,"minecraft:gold_block":1,"boh:desire_edge":1,"minecraft:iron_axe":24,"tacz:ammo":150,"minecraft:blackstone":1,"minecraft:andesite_stairs":1,"minecraft:beef":23,"farmersdelight:straw":601,"alexsmobs:soul_heart":1,"minecraft:poppy":2,"minecraft:sugar_cane":6,"minecraft:chest":3,"minecraft:birch_sapling":33,"minecraft:raw_copper_block":3,"minecraft:egg":6,"minecraft:raw_iron":48,"minecraft:oak_door":1,"farmersdelight:minced_beef":44,"pointblank:gunmetal_nugget":195,"minecraft:carrot":30,"minecraft:redstone":1,"travelersbackpack:sponge":3,"minecraft:arrow":78,"minecraft:diamond_chestplate":1,"minecraft:beetroot_seeds":1,"minecraft:diamond_boots":1,"k_turrets:raw_titanium":22,"pvz_zengarden:zengarden_guide":1,"tombstone:essence_of_undeath":2,"minecraft:rail":86,"minecraft:white_wool":9,"minecraft:stripped_oak_log":1,"create:iron_sheet":1,"minecraft:glow_ink_sac":14,"minecraft:leather":1,"minecraft:birch_planks":2,"minecraft:oak_log":534,"minecraft:chainmail_chestplate":2,"scalinghealth:bandages":8,"minecraft:gunpowder":11,"scalinghealth:heart_crystal":10,"farmersdelight:tatami":97,"farmersdelight:skillet":5,"farmersdelight:flint_knife":2,"minecraft:stone_bricks":8,"minecraft:apple":12,"boh:kindness_flower":1,"minecraft:iron_ingot":2,"minecraft:stone_pickaxe":2,"minecraft:iron_sword":4,"minecraft:soul_sand":1,"minecraft:book":21,"scalinghealth:heart_crystal_shard":23,"minecraft:smooth_basalt":6,"minecraft:sweet_berries":37,"minecraft:dandelion":1,"minecraft:dripstone_block":1,"minecraft:gravel":37,"minecraft:spruce_sapling":3,"minecraft:blast_furnace":2,"minecraft:spruce_log":40,"minecraft:spider_eye":2,"travelersbackpack:standard":1,"create:encased_fan":1,"tacz:modern_kinetic_gun":3,"minecraft:chainmail_leggings":3,"minecraft:iron_helmet":2,"storagedrawers:oak_full_drawers_2":1,"minecraft:oak_button":1,"tombstone:magic_scroll":5,"minecraft:coal":240,"minecraft:hopper":7},"minecraft:dropped":{"minecraft:birch_planks":26,"travelersbackpack:standard":1,"minecraft:dirt":7,"minecraft:raw_copper_block":2,"mutantmonsters:creeper_minion_tracker":1,"minecraft:iron_pickaxe":2,"minecraft:birch_log":16,"minecraft:gold_ingot":6,"minecraft:bone":10,"minecraft:gravel":1,"minecraft:stone_axe":1,"minecraft:blackstone":1,"alexsmobs:animal_dictionary":2,"minecraft:yellow_wool":9,"minecraft:rotten_flesh":2,"minecraft:chainmail_chestplate":1,"travelersbackpack:white_sleeping_bag":1,"minecraft:chainmail_boots":1,"minecraft:arrow":1,"minecraft:wheat_seeds":2,"farmersdelight:skillet":3,"minecraft:dripstone_block":1,"minecraft:iron_helmet":1,"minecraft:cobblestone":6,"minecraft:stick":3,"minecraft:lava_bucket":1,"tacz:ammo_box":1,"tombstone:grave_dust":3,"tacz:modern_kinetic_gun":2,"minecraft:iron_axe":24,"minecraft:smooth_stone":1,"minecraft:chainmail_leggings":3,"minecraft:string":2,"minecraft:bucket":1,"minecraft:music_disc_cat":1,"minecraft:spruce_sapling":3,"minecraft:stone_sword":1,"minecraft:tuff":2,"farmersdelight:cabbage_seeds":28,"minecraft:clay_ball":1,"minecraft:stripped_oak_log":1,"pointblank:gunmetal_nugget":1,"minecraft:lily_of_the_valley":1,"minecraft:potato":2,"minecraft:diamond_pickaxe":15,"minecraft:andesite":44,"minecraft:andesite_stairs":1,"minecraft:stone_bricks":4,"minecraft:spruce_log":36,"minecraft:bow":3,"minecraft:stone_pickaxe":2},"minecraft:killed":{"endofherobrine:silverfish":13,"minecraft:zombified_piglin":1,"minecraft:witch":1,"minecraft:spider":4,"minecraft:skeleton":55,"minecraft:chicken":6,"boh:rat":1,"minecraft:piglin_brute":1,"minecraft:piglin":8,"minecraft:pig":4,"mutantmonsters:mutant_skeleton":3,"minecraft:creeper":15,"minecraft:zombie":28,"minecraft:stray":1,"endofherobrine:chicken":1,"endofherobrine:cow":2,"mutantmonsters:mutant_creeper":1,"minecraft:cow":2,"alexsmobs:seagull":1,"minecraft:phantom":7,"alexsmobs:bison":3,"minecraft:squid":1,"mutantmonsters:mutant_zombie":1},"minecraft:used":{"minecraft:moss_block":42,"minecraft:red_sand":2,"minecraft:iron_shovel":100,"farmersdelight:cabbage_seeds":9,"minecraft:chest":13,"minecraft:stone":22,"minecraft:iron_sword":179,"minecraft:nether_wart":1,"minecraft:rotten_flesh":13,"minecraft:spruce_leaves":1,"paraglider:goddess_statue":1,"minecraft:soul_sand":1,"minecraft:birch_pressure_plate":2,"minecraft:carrot":18,"minecraft:snowball":9,"minecraft:cyan_terracotta":125,"minecraft:stone_bricks":17,"create:andesite_funnel":2,"mcwdoors:metal_windowed_door":4,"farmersdelight:cutting_board":2,"minecraft:bow":237,"minecraft:furnace":3,"minecraft:potato":23,"minecraft:oak_planks":4,"minecraft:stone_pickaxe":376,"minecraft:wooden_pickaxe":59,"minecraft:chainmail_helmet":1,"minecraft:sugar_cane":2,"spartanshields:diamond_basic_shield":53,"farmersdelight:tatami":205,"minecraft:blast_furnace":3,"waystones:waystone":1,"minecraft:bread":1,"spartanshields:stone_basic_shield":25,"tombstone:grave_key":23,"minecraft:oak_pressure_plate":1,"minecraft:gravel":2,"minecraft:andesite":24,"minecraft:smooth_stone_slab":14,"minecraft:oak_boat":1,"minecraft:coarse_dirt":23,"minecraft:iron_bars":25,"minecraft:cooked_chicken":1,"minecraft:oak_door":1,"minecraft:torch":75,"minecraft:dirt":78,"scalinghealth:heart_crystal":3,"farmersdelight:flint_knife":3065,"minecraft:hopper":11,"farmersdelight:carrot_crate":4,"minecraft:cobblestone_wall":5,"minecraft:iron_hoe":68,"minecraft:iron_axe":790,"minecraft:smooth_basalt":6,"travelersbackpack:sponge":1,"tombstone:gift":8,"minecraft:cooked_beef":13,"farmersdelight:tomato_seeds":6,"tombstone:decorative_grave_original":2,"farmersdelight:potato_crate":4,"minecraft:calcite":90,"minecraft:wheat_seeds":7,"minecraft:water_bucket":4,"farmersdelight:skillet":84,"minecraft:glass_bottle":17,"minecraft:polished_andesite":2,"minecraft:baked_potato":11,"minecraft:stonecutter":1,"create:cut_calcite_bricks":64,"minecraft:rail":73,"minecraft:crafting_table":5,"minecraft:smoker":2,"minecraft:oak_log":8,"minecraft:diamond_pickaxe":193,"minecraft:apple":2,"minecraft:iron_pickaxe":664,"travelersbackpack:white_sleeping_bag":1,"mcwdoors:oak_western_door":4,"minecraft:stone_axe":68,"minecraft:cobblestone":87,"minecraft:acacia_pressure_plate":2,"toughasnails:purified_water_bottle":26,"minecraft:cooked_porkchop":11,"minecraft:andesite_stairs":4,"minecraft:bucket":6,"minecraft:splash_potion":4,"travelersbackpack:yellow_sleeping_bag":6,"minecraft:smooth_stone":21},"minecraft:crafted":{"minecraft:smooth_stone":3,"minecraft:oak_planks":107,"travelersbackpack:crafting_upgrade":1,"farmersdelight:canvas":123,"minecraft:cooked_chicken":1,"travelersbackpack:yellow_sleeping_bag":1,"minecraft:stone":3,"k_turrets:titanium_ingot":18,"minecraft:potato":1,"minecraft:glass":13,"minecraft:hopper":4,"minecraft:bow":2,"minecraft:raw_copper":9,"minecraft:chest":16,"mcwdoors:metal_door":2,"minecraft:smoker":1,"tombstone:decorative_grave_original":2,"travelersbackpack:iron_tier_upgrade":1,"minecraft:cooked_porkchop":11,"minecraft:crafting_table":4,"travelersbackpack:lapis":1,"minecraft:spruce_planks":8,"mutantmonsters:creeper_minion_tracker":1,"travelersbackpack:standard":1,"minecraft:copper_ingot":145,"minecraft:birch_planks":35,"farmersdelight:tatami":108,"farmersdelight:skillet":1,"tombstone:white_marble":10,"minecraft:tnt":1,"farmersdelight:cutting_board":1,"minecraft:stick":14,"minecraft:iron_ingot":47,"minecraft:iron_pickaxe":3,"minecraft:stone_sword":1,"minecraft:gold_ingot":1,"spartanshields:wooden_basic_shield":2,"minecraft:iron_nugget":1,"farmersdelight:potato_crate":2,"immersive_aircraft:sail":4,"minecraft:furnace":1,"minecraft:blast_furnace":1,"minecraft:bone_meal":4,"spartanshields:diamond_basic_shield":1,"minecraft:white_carpet":24,"travelersbackpack:blank_upgrade":4,"minecraft:glass_pane":16,"travelersbackpack:white_sleeping_bag":1,"farmersdelight:carrot_crate":2,"minecraft:iron_axe":4,"minecraft:stone_pickaxe":3,"minecraft:minecart":1,"mcwdoors:metal_windowed_door":2,"scalinghealth:heart_dust":1,"pointblank:gunmetal_ingot":9,"travelersbackpack:backpack_tank":4,"spartanshields:stone_basic_shield":1,"minecraft:bucket":4,"minecraft:stone_axe":1,"minecraft:air":164,"minecraft:oak_boat":1,"minecraft:white_wool":16,"minecraft:iron_shovel":1,"farmersdelight:diamond_knife":1,"minecraft:torch":40,"create:zinc_ingot":43,"minecraft:lapis_block":4},"minecraft:mined":{"minecraft:large_amethyst_bud":1,"minecraft:jungle_leaves":2,"minecraft:brewing_stand":1,"minecraft:granite":2,"minecraft:red_sand":2,"travelersbackpack:sponge":3,"minecraft:grass_block":97,"minecraft:hopper":7,"minecraft:nether_wart":1,"minecraft:spawner":1,"minecraft:iron_ore":41,"minecraft:fire":2,"minecraft:pointed_dripstone":9,"minecraft:dirt_path":1,"minecraft:small_amethyst_bud":1,"minecraft:gray_terracotta":6,"minecraft:brown_mushroom":12,"minecraft:quartz_block":2,"minecraft:cyan_terracotta":178,"minecraft:blackstone":1,"minecraft:smoker":1,"minecraft:medium_amethyst_bud":1,"farmersdelight:potato_crate":3,"minecraft:clay":32,"minecraft:torch":16,"minecraft:blast_furnace":2,"minecraft:calcite":191,"minecraft:poppy":2,"minecraft:chest":3,"minecraft:cobblestone":9,"minecraft:sugar_cane":4,"minecraft:oak_planks":4,"minecraft:iron_door":2,"minecraft:wall_torch":16,"farmersdelight:sandy_shrub":6,"boh:spinel_ore_ore":4,"minecraft:yellow_wool":9,"minecraft:birch_log":258,"storagedrawers:oak_full_drawers_2":1,"minecraft:grass":2543,"minecraft:oak_log":531,"minecraft:sand":14,"minecraft:dirt":25,"minecraft:stonecutter":1,"minecraft:raw_copper_block":4,"minecraft:netherrack":3,"minecraft:oak_leaves":67,"minecraft:deepslate":54,"create:zinc_ore":52,"minecraft:tuff":20,"minecraft:allium":8,"minecraft:white_stained_glass":3,"create:encased_fan":1,"travelersbackpack:white_sleeping_bag":1,"farmersdelight:wild_cabbages":39,"minecraft:spruce_leaves":10,"minecraft:moss_block":89,"minecraft:large_fern":38,"minecraft:furnace":7,"minecraft:carrots":8,"minecraft:nether_sprouts":2,"minecraft:andesite":225,"minecraft:green_terracotta":2,"minecraft:gold_block":1,"minecraft:bookshelf":7,"minecraft:potatoes":4,"minecraft:vine":2,"travelersbackpack:yellow_sleeping_bag":5,"minecraft:deepslate_iron_ore":7,"minecraft:rail":87,"minecraft:stripped_oak_log":1,"minecraft:stone":147,"minecraft:white_wool":9,"minecraft:soul_sand":1,"minecraft:lily_of_the_valley":1,"minecraft:dandelion":1,"boh:kindness_flower":1,"minecraft:crafting_table":1,"farmersdelight:carrot_crate":2,"minecraft:copper_ore":60,"minecraft:tall_grass":440,"minecraft:deepslate_coal_ore":2,"mcwdoors:metal_windowed_door":2,"minecraft:lapis_ore":11,"minecraft:deepslate_gold_ore":17,"farmersdelight:wild_beetroots":1,"minecraft:cactus":2,"minecraft:coarse_dirt":36,"minecraft:spruce_log":40,"minecraft:birch_leaves":6,"farmersdelight:tatami":97,"k_turrets:titanium_ore":22,"minecraft:coal_ore":49,"minecraft:gravel":11,"minecraft:dripstone_block":3,"minecraft:cobweb":8,"minecraft:oak_button":1,"minecraft:stone_bricks":8,"minecraft:polished_andesite":8,"create:andesite_funnel":3,"paraglider:goddess_statue":1,"minecraft:fern":52},"minecraft:killed_by":{"minecraft:piglin_brute":3,"minecraft:creeper":2,"mutantmonsters:mutant_creeper":1,"minecraft:zombie":6,"mutantmonsters:mutant_skeleton":3,"minecraft:skeleton":4,"boh:rat":1}},"DataVersion":3465}