{"stats":{"minecraft:custom":{"minecraft:interact_with_crafting_table":64,"minecraft:bell_ring":7,"minecraft:leave_game":39,"minecraft:time_since_death":107647,"minecraft:damage_resisted":66,"minecraft:sprint_one_cm":913897,"minecraft:damage_blocked_by_shield":1871,"minecraft:drop":48,"minecraft:talked_to_villager":3,"minecraft:play_time":546450,"minecraft:deaths":27,"minecraft:jump":4450,"minecraft:walk_on_water_one_cm":39040,"minecraft:interact_with_furnace":104,"minecraft:sleep_in_bed":20,"minecraft:damage_dealt":11410,"minecraft:crouch_one_cm":9961,"tombstone:undead_killed":46,"minecraft:interact_with_smoker":9,"minecraft:horse_one_cm":418,"minecraft:interact_with_smithing_table":1,"minecraft:mob_kills":115,"minecraft:inspect_hopper":2,"minecraft:damage_dealt_resisted":4178,"minecraft:climb_one_cm":13760,"minecraft:walk_one_cm":2685603,"minecraft:sneak_time":5530,"minecraft:walk_under_water_one_cm":33498,"minecraft:interact_with_blast_furnace":22,"minecraft:total_world_time":547176,"spartanshields:shield_bash_hits":3,"tombstone:raider_killed":1,"minecraft:interact_with_stonecutter":2,"minecraft:time_since_rest":20457,"minecraft:damage_taken":12704,"minecraft:swim_one_cm":7940,"minecraft:fly_one_cm":519262,"minecraft:open_chest":470,"minecraft:fall_one_cm":72688},"minecraft:broken":{"minecraft:stone_pickaxe":1,"spartanshields:stone_basic_shield":1,"minecraft:chainmail_helmet":1,"minecraft:wooden_pickaxe":1,"minecraft:iron_axe":2,"minecraft:iron_pickaxe":2},"minecraft:picked_up":{"minecraft:iron_chestplate":2,"minecraft:yellow_wool":18,"minecraft:lead":1,"boh:spinel":4,"minecraft:brewing_stand":1,"minecraft:music_disc_cat":1,"minecraft:string":19,"minecraft:raw_copper":211,"minecraft:diamond_leggings":1,"minecraft:red_sand":12,"minecraft:cobbled_deepslate":53,"minecraft:bucket":2,"farmersdelight:cabbage":6,"minecraft:calcite":93,"minecraft:iron_pickaxe":2,"farmersdelight:cabbage_seeds":37,"minecraft:furnace":7,"minecraft:tipped_arrow":65,"minecraft:stick":70,"farmersdelight:potato_crate":2,"travelersbackpack:yellow_sleeping_bag":5,"minecraft:torch":29,"minecraft:porkchop":11,"tombstone:grave_dust":10,"minecraft:pointed_dripstone":21,"farmersdelight:chicken_cuts":2,"minecraft:quartz_block":2,"minecraft:rotten_flesh":15,"minecraft:cyan_terracotta":112,"minecraft:snowball":50,"minecraft:cobblestone":159,"minecraft:birch_log":257,"minecraft:feather":7,"minecraft:cooked_beef":17,"minecraft:andesite":226,"minecraft:smoker":1,"minecraft:potato":20,"alexsmobs:bison_fur":6,"paraglider:spirit_orb":2,"minecraft:flint":2,"minecraft:tuff":40,"create:raw_zinc":52,"farmersdelight:tomato":2,"skilltree:gem":40,"minecraft:lapis_lazuli":58,"minecraft:dirt":157,"tacz:ammo_box":1,"minecraft:bone":43,"minecraft:stonecutter":1,"minecraft:gray_terracotta":5,"minecraft:bow":7,"minecraft:wheat_seeds":177,"minecraft:raw_gold":17,"minecraft:diamond_helmet":1,"minecraft:glowstone_dust":2,"minecraft:moss_block":89,"minecraft:oak_planks":4,"minecraft:cooked_porkchop":1,"minecraft:sand":27,"minecraft:ink_sac":3,"alexsmobs:animal_dictionary":1,"minecraft:granite":2,"minecraft:bone_meal":1,"minecraft:chainmail_helmet":1,"minecraft:bread":1,"scalinghealth:cursed_heart":1,"minecraft:oak_sapling":112,"minecraft:coarse_dirt":81,"minecraft:allium":8,"minecraft:chicken":7,"minecraft:clay_ball":129,"minecraft:turtle_helmet":1,"minecraft:brown_mushroom":6,"minecraft:wooden_pickaxe":1,"tacz:ammo":150,"minecraft:beef":23,"farmersdelight:straw":232,"minecraft:poppy":2,"minecraft:sugar_cane":2,"minecraft:chest":3,"minecraft:birch_sapling":33,"minecraft:raw_copper_block":3,"minecraft:egg":6,"minecraft:raw_iron":48,"minecraft:oak_door":1,"farmersdelight:minced_beef":44,"pointblank:gunmetal_nugget":137,"minecraft:carrot":30,"minecraft:redstone":1,"travelersbackpack:sponge":2,"minecraft:arrow":59,"minecraft:diamond_chestplate":1,"minecraft:beetroot_seeds":1,"minecraft:diamond_boots":1,"k_turrets:raw_titanium":22,"pvz_zengarden:zengarden_guide":1,"minecraft:rail":73,"minecraft:white_wool":9,"minecraft:stripped_oak_log":1,"create:iron_sheet":1,"minecraft:glow_ink_sac":14,"minecraft:leather":1,"minecraft:oak_log":533,"minecraft:chainmail_chestplate":2,"scalinghealth:bandages":4,"minecraft:gunpowder":9,"scalinghealth:heart_crystal":2,"farmersdelight:tatami":80,"farmersdelight:skillet":5,"farmersdelight:flint_knife":2,"minecraft:stone_bricks":7,"minecraft:apple":11,"boh:kindness_flower":1,"minecraft:iron_ingot":2,"minecraft:stone_pickaxe":2,"minecraft:iron_sword":4,"minecraft:book":21,"scalinghealth:heart_crystal_shard":18,"minecraft:smooth_basalt":6,"minecraft:sweet_berries":16,"minecraft:dandelion":1,"minecraft:dripstone_block":1,"minecraft:gravel":25,"minecraft:spruce_sapling":3,"minecraft:blast_furnace":2,"minecraft:spruce_log":40,"minecraft:spider_eye":2,"travelersbackpack:standard":1,"tacz:modern_kinetic_gun":1,"minecraft:chainmail_leggings":3,"minecraft:iron_helmet":2,"minecraft:oak_button":1,"tombstone:magic_scroll":3,"minecraft:coal":240,"minecraft:hopper":7},"minecraft:dropped":{"minecraft:birch_planks":24,"travelersbackpack:standard":1,"minecraft:dirt":7,"minecraft:raw_copper_block":2,"minecraft:birch_log":16,"minecraft:gold_ingot":6,"minecraft:stone_axe":1,"alexsmobs:animal_dictionary":2,"minecraft:yellow_wool":9,"minecraft:chainmail_chestplate":1,"minecraft:chainmail_boots":1,"minecraft:wheat_seeds":1,"farmersdelight:skillet":3,"minecraft:dripstone_block":1,"minecraft:iron_helmet":1,"minecraft:cobblestone":6,"minecraft:stick":3,"minecraft:lava_bucket":1,"tacz:ammo_box":1,"tombstone:grave_dust":3,"minecraft:chainmail_leggings":3,"minecraft:string":2,"minecraft:bucket":1,"minecraft:music_disc_cat":1,"minecraft:spruce_sapling":3,"minecraft:stone_sword":1,"farmersdelight:cabbage_seeds":28,"minecraft:clay_ball":1,"minecraft:stripped_oak_log":1,"minecraft:potato":2,"minecraft:andesite":44,"minecraft:stone_bricks":4,"minecraft:spruce_log":36,"minecraft:bow":2,"minecraft:stone_pickaxe":2},"minecraft:killed":{"endofherobrine:silverfish":13,"minecraft:witch":1,"minecraft:spider":4,"minecraft:skeleton":33,"minecraft:chicken":6,"boh:rat":1,"minecraft:pig":4,"minecraft:creeper":12,"minecraft:zombie":12,"minecraft:stray":1,"endofherobrine:chicken":1,"endofherobrine:cow":2,"mutantmonsters:mutant_creeper":1,"minecraft:cow":2,"alexsmobs:seagull":1,"minecraft:phantom":6,"alexsmobs:bison":3,"minecraft:squid":1},"minecraft:used":{"minecraft:moss_block":42,"minecraft:red_sand":2,"minecraft:iron_shovel":100,"farmersdelight:cabbage_seeds":9,"minecraft:chest":11,"minecraft:iron_sword":179,"minecraft:rotten_flesh":13,"minecraft:carrot":18,"minecraft:snowball":9,"minecraft:cyan_terracotta":8,"minecraft:stone_bricks":2,"farmersdelight:cutting_board":1,"minecraft:bow":141,"minecraft:furnace":3,"minecraft:potato":23,"minecraft:stone_pickaxe":376,"minecraft:oak_planks":4,"minecraft:wooden_pickaxe":59,"minecraft:chainmail_helmet":1,"minecraft:sugar_cane":2,"spartanshields:diamond_basic_shield":1,"farmersdelight:tatami":126,"minecraft:blast_furnace":3,"minecraft:bread":1,"spartanshields:stone_basic_shield":25,"tombstone:grave_key":23,"minecraft:andesite":24,"minecraft:oak_boat":1,"minecraft:coarse_dirt":23,"minecraft:iron_bars":2,"minecraft:cooked_chicken":1,"minecraft:oak_door":1,"minecraft:torch":50,"minecraft:dirt":75,"farmersdelight:flint_knife":1271,"scalinghealth:heart_crystal":1,"minecraft:hopper":11,"farmersdelight:carrot_crate":2,"minecraft:iron_hoe":68,"minecraft:iron_axe":785,"minecraft:smooth_basalt":6,"tombstone:gift":5,"minecraft:cooked_beef":11,"farmersdelight:tomato_seeds":6,"farmersdelight:potato_crate":3,"minecraft:calcite":90,"minecraft:wheat_seeds":7,"minecraft:water_bucket":4,"farmersdelight:skillet":29,"minecraft:glass_bottle":15,"minecraft:stonecutter":1,"minecraft:rail":73,"minecraft:crafting_table":3,"minecraft:smoker":2,"minecraft:oak_log":7,"minecraft:apple":2,"minecraft:iron_pickaxe":639,"minecraft:stone_axe":68,"minecraft:cobblestone":85,"toughasnails:purified_water_bottle":18,"minecraft:cooked_porkchop":11,"minecraft:bucket":5,"travelersbackpack:yellow_sleeping_bag":6},"minecraft:crafted":{"minecraft:smooth_stone":3,"minecraft:oak_planks":98,"farmersdelight:canvas":46,"minecraft:cooked_chicken":1,"travelersbackpack:yellow_sleeping_bag":1,"minecraft:stone":3,"k_turrets:titanium_ingot":18,"minecraft:potato":1,"minecraft:glass":13,"minecraft:hopper":4,"minecraft:bow":2,"minecraft:raw_copper":9,"minecraft:chest":12,"minecraft:smoker":1,"minecraft:cooked_porkchop":11,"minecraft:crafting_table":3,"minecraft:spruce_planks":8,"minecraft:copper_ingot":145,"minecraft:birch_planks":35,"farmersdelight:tatami":46,"farmersdelight:skillet":1,"farmersdelight:cutting_board":1,"minecraft:stick":14,"minecraft:iron_ingot":47,"minecraft:iron_pickaxe":3,"minecraft:stone_sword":1,"spartanshields:wooden_basic_shield":2,"farmersdelight:potato_crate":2,"minecraft:furnace":1,"minecraft:blast_furnace":1,"spartanshields:diamond_basic_shield":1,"farmersdelight:carrot_crate":2,"minecraft:iron_axe":4,"minecraft:stone_pickaxe":3,"minecraft:minecart":1,"scalinghealth:heart_dust":1,"pointblank:gunmetal_ingot":9,"spartanshields:stone_basic_shield":1,"minecraft:bucket":3,"minecraft:stone_axe":1,"minecraft:air":98,"minecraft:oak_boat":1,"minecraft:iron_shovel":1,"minecraft:torch":40,"create:zinc_ingot":43},"minecraft:mined":{"minecraft:large_amethyst_bud":1,"minecraft:jungle_leaves":2,"minecraft:brewing_stand":1,"minecraft:granite":2,"minecraft:red_sand":2,"travelersbackpack:sponge":2,"minecraft:grass_block":97,"minecraft:hopper":7,"minecraft:spawner":1,"minecraft:iron_ore":41,"minecraft:fire":2,"minecraft:pointed_dripstone":9,"minecraft:dirt_path":1,"minecraft:small_amethyst_bud":1,"minecraft:gray_terracotta":6,"minecraft:brown_mushroom":6,"minecraft:quartz_block":2,"minecraft:cyan_terracotta":112,"minecraft:smoker":1,"minecraft:medium_amethyst_bud":1,"farmersdelight:potato_crate":2,"minecraft:clay":32,"minecraft:torch":12,"minecraft:blast_furnace":2,"minecraft:calcite":85,"minecraft:poppy":2,"minecraft:chest":3,"minecraft:cobblestone":6,"minecraft:sugar_cane":1,"minecraft:oak_planks":4,"minecraft:wall_torch":16,"farmersdelight:sandy_shrub":6,"boh:spinel_ore_ore":4,"minecraft:yellow_wool":9,"minecraft:birch_log":258,"minecraft:grass":1013,"minecraft:oak_log":530,"minecraft:sand":14,"minecraft:dirt":24,"minecraft:stonecutter":1,"minecraft:raw_copper_block":4,"minecraft:oak_leaves":67,"minecraft:deepslate":54,"create:zinc_ore":52,"minecraft:tuff":20,"minecraft:allium":8,"minecraft:white_stained_glass":3,"farmersdelight:wild_cabbages":39,"minecraft:spruce_leaves":10,"minecraft:moss_block":89,"minecraft:large_fern":35,"minecraft:furnace":7,"minecraft:carrots":8,"minecraft:nether_sprouts":2,"minecraft:andesite":222,"minecraft:bookshelf":7,"minecraft:potatoes":4,"minecraft:vine":2,"travelersbackpack:yellow_sleeping_bag":5,"minecraft:deepslate_iron_ore":7,"minecraft:rail":74,"minecraft:stripped_oak_log":1,"minecraft:stone":147,"minecraft:white_wool":9,"minecraft:dandelion":1,"boh:kindness_flower":1,"minecraft:copper_ore":60,"minecraft:tall_grass":201,"minecraft:deepslate_coal_ore":2,"minecraft:lapis_ore":11,"minecraft:deepslate_gold_ore":17,"farmersdelight:wild_beetroots":1,"minecraft:coarse_dirt":36,"minecraft:spruce_log":40,"minecraft:birch_leaves":6,"farmersdelight:tatami":80,"k_turrets:titanium_ore":22,"minecraft:coal_ore":49,"minecraft:gravel":9,"minecraft:dripstone_block":3,"minecraft:cobweb":8,"minecraft:oak_button":1,"minecraft:stone_bricks":7,"minecraft:fern":37},"minecraft:killed_by":{"minecraft:creeper":2,"mutantmonsters:mutant_creeper":1,"minecraft:zombie":6,"mutantmonsters:mutant_skeleton":2,"minecraft:skeleton":3,"boh:rat":1}},"DataVersion":3465}