{"stats":{"minecraft:custom":{"minecraft:time_since_rest":14191,"minecraft:sprint_one_cm":30012,"minecraft:damage_taken":566,"minecraft:walk_one_cm":38198,"minecraft:mob_kills":1,"minecraft:drop":2,"minecraft:damage_dealt":261,"minecraft:swim_one_cm":14096,"minecraft:interact_with_crafting_table":2,"minecraft:fly_one_cm":10145,"minecraft:crouch_one_cm":6652,"minecraft:play_time":23988,"minecraft:deaths":2,"minecraft:sneak_time":4170,"minecraft:walk_under_water_one_cm":2586,"minecraft:jump":118,"minecraft:leave_game":7,"minecraft:time_since_death":14966,"minecraft:walk_on_water_one_cm":3021,"minecraft:total_world_time":23988,"minecraft:fall_one_cm":1228},"minecraft:broken":{"minecraft:wooden_pickaxe":1},"minecraft:picked_up":{"minecraft:crafting_table":2,"minecraft:sand":34,"minecraft:oak_log":7,"minecraft:dirt":3,"minecraft:mossy_cobblestone":4,"minecraft:chainmail_leggings":1,"k_turrets:raw_titanium":1,"pvz_zengarden:zengarden_guide":1,"minecraft:oak_planks":1,"minecraft:cobblestone":130},"minecraft:dropped":{"pvz_zengarden:zengarden_guide":1,"alexsmobs:animal_dictionary":1},"minecraft:killed":{"minecraft:phantom":1},"minecraft:used":{"minecraft:stone_pickaxe":90,"minecraft:oak_planks":1,"minecraft:wooden_pickaxe":58,"minecraft:sand":5,"minecraft:cobblestone":20,"minecraft:crafting_table":2,"alexsmobs:animal_dictionary":2},"minecraft:crafted":{"minecraft:oak_planks":7,"minecraft:crafting_table":1,"minecraft:stick":4,"minecraft:stone_pickaxe":1,"minecraft:wooden_pickaxe":1,"minecraft:air":28},"minecraft:mined":{"minecraft:mossy_cobblestone":4,"minecraft:crafting_table":2,"k_turrets:titanium_ore":1,"minecraft:oak_log":7,"minecraft:sand":34,"minecraft:dirt":3,"minecraft:cobblestone":9,"minecraft:stone":126,"minecraft:oak_planks":1},"minecraft:killed_by":{"minecraft:skeleton":2}},"DataVersion":3465}