{"stats":{"minecraft:custom":{"minecraft:mob_kills":10,"minecraft:interact_with_crafting_table":28,"minecraft:damage_dealt_resisted":38,"minecraft:leave_game":20,"minecraft:time_since_death":36109,"minecraft:sleep_in_bed":24,"minecraft:climb_one_cm":1058,"minecraft:time_since_rest":13191,"minecraft:sprint_one_cm":497415,"minecraft:damage_taken":6490,"minecraft:walk_one_cm":2118861,"tombstone:sneak_grave":1,"minecraft:drop":26,"minecraft:damage_dealt":1921,"minecraft:swim_one_cm":19513,"minecraft:fly_one_cm":95034,"minecraft:open_chest":54,"minecraft:crouch_one_cm":20872,"minecraft:play_time":327331,"tombstone:undead_killed":3,"minecraft:deaths":17,"minecraft:sneak_time":10743,"minecraft:walk_under_water_one_cm":5590,"minecraft:jump":2592,"minecraft:walk_on_water_one_cm":10810,"minecraft:total_world_time":327331,"minecraft:fall_one_cm":43461},"minecraft:broken":{"minecraft:iron_shovel":8,"minecraft:iron_axe":6,"minecraft:wooden_pickaxe":1},"minecraft:picked_up":{"minecraft:stripped_oak_log":3,"minecraft:birch_log":141,"minecraft:coarse_dirt":1,"minecraft:crafting_table":2,"minecraft:allium":11,"minecraft:azure_bluet":6,"boh:venison":4,"minecraft:andesite":18,"minecraft:leather":1,"paraglider:spirit_orb":4,"minecraft:flint":23,"minecraft:oak_log":1309,"minecraft:gunpowder":1,"farmersdelight:skillet":1,"skilltree:gem":2,"minecraft:dirt":1812,"minecraft:raw_copper":7,"minecraft:bone":6,"minecraft:blackstone":1,"minecraft:apple":28,"minecraft:stone_bricks":3,"boh:kindness_flower":1,"minecraft:bow":1,"minecraft:wheat_seeds":25,"farmersdelight:straw":1,"minecraft:calcite":4,"minecraft:birch_sapling":24,"minecraft:oak_planks":40,"minecraft:stick":198,"minecraft:smooth_basalt":1,"minecraft:torch":6,"minecraft:dandelion":3,"minecraft:gravel":253,"pointblank:gunmetal_nugget":14,"minecraft:sand":82,"minecraft:spruce_sapling":15,"tombstone:grave_dust":1,"minecraft:ink_sac":5,"minecraft:spruce_log":18,"minecraft:mossy_cobblestone":4,"minecraft:arrow":8,"minecraft:rotten_flesh":8,"minecraft:chainmail_leggings":1,"k_turrets:raw_titanium":1,"pvz_zengarden:zengarden_guide":1,"minecraft:oak_sapling":333,"minecraft:iron_bars":2,"minecraft:snowball":4,"minecraft:cobblestone":147},"minecraft:dropped":{"minecraft:gravel":1,"boh:kindness_flower":1,"minecraft:wheat_seeds":17,"minecraft:iron_nugget":1,"farmersdelight:skillet":1,"alexsmobs:animal_dictionary":1,"minecraft:birch_sapling":1,"minecraft:rotten_flesh":8,"minecraft:leather":1,"farmersdelight:straw":1,"pointblank:gunmetal_nugget":1,"farmersdelight:flint_knife":2,"pvz_zengarden:zengarden_guide":1,"skilltree:gem":1,"minecraft:oak_sapling":1,"k_turrets:raw_titanium":1,"minecraft:stone_pickaxe":1,"minecraft:smooth_basalt":1},"minecraft:killed":{"minecraft:creeper":1,"boh:deer":1,"minecraft:phantom":1,"minecraft:skeleton":3,"mutantmonsters:creeper_minion":2},"minecraft:used":{"minecraft:iron_shovel":2017,"minecraft:stone_pickaxe":117,"minecraft:oak_planks":852,"minecraft:blackstone":1,"minecraft:chest":1,"minecraft:wooden_pickaxe":58,"minecraft:oak_door":1,"minecraft:torch":2,"minecraft:dirt":1830,"minecraft:sand":61,"minecraft:crafting_table":4,"minecraft:snowball":4,"minecraft:azure_bluet":1,"minecraft:oak_log":11,"minecraft:apple":15,"minecraft:iron_axe":1695,"boh:venison":4,"minecraft:iron_pickaxe":6,"minecraft:birch_sapling":39,"tombstone:grave_key":12,"minecraft:stone_bricks":3,"minecraft:cobblestone":144,"minecraft:oak_sapling":248,"minecraft:andesite":6,"minecraft:birch_log":1,"minecraft:andesite_stairs":8,"tombstone:gift":2,"alexsmobs:animal_dictionary":2,"minecraft:stripped_oak_log":1,"minecraft:coarse_dirt":1},"minecraft:crafted":{"minecraft:oak_planks":249,"minecraft:crafting_table":2,"farmersdelight:flint_knife":1,"minecraft:wooden_pickaxe":1,"minecraft:air":972,"minecraft:iron_axe":8,"minecraft:stick":16,"minecraft:iron_pickaxe":2,"minecraft:stone_pickaxe":1,"minecraft:andesite_stairs":8,"minecraft:chest":1,"minecraft:iron_shovel":8},"minecraft:mined":{"minecraft:oak_sapling":43,"minecraft:mossy_cobblestone":4,"minecraft:blackstone":1,"minecraft:dandelion":2,"boh:kindness_flower":1,"minecraft:crafting_table":2,"minecraft:torch":3,"minecraft:allium":6,"minecraft:grass_block":1673,"minecraft:calcite":1,"minecraft:cobblestone":11,"minecraft:spruce_leaves":8,"minecraft:oak_planks":39,"minecraft:wall_torch":1,"minecraft:spawner":2,"minecraft:birch_sapling":8,"minecraft:coarse_dirt":1,"minecraft:cobblestone_wall":1,"minecraft:fire":2,"minecraft:birch_log":134,"minecraft:spruce_log":18,"minecraft:birch_leaves":6,"minecraft:andesite":17,"minecraft:azure_bluet":2,"k_turrets:titanium_ore":1,"minecraft:grass":74,"minecraft:oak_log":1300,"minecraft:dirt_path":2,"minecraft:gravel":257,"minecraft:sand":82,"minecraft:dirt":106,"minecraft:stripped_oak_log":4,"minecraft:smooth_basalt":1,"minecraft:stone":128,"minecraft:stone_bricks":2,"minecraft:oak_leaves":178},"minecraft:killed_by":{"minecraft:skeleton":7,"minecraft:creeper":3,"minecraft:zombie":1}},"DataVersion":3465}