{"stats":{"minecraft:custom":{"minecraft:interact_with_smithing_table":1,"minecraft:mob_kills":57,"minecraft:interact_with_crafting_table":54,"minecraft:open_barrel":38,"minecraft:damage_dealt_resisted":857,"minecraft:leave_game":26,"minecraft:time_since_death":5546,"minecraft:climb_one_cm":2831,"minecraft:sprint_one_cm":768097,"minecraft:walk_one_cm":3775670,"minecraft:drop":67,"minecraft:damage_dealt_absorbed":1549,"minecraft:play_time":637972,"minecraft:deaths":118,"minecraft:sneak_time":18491,"minecraft:walk_under_water_one_cm":15687,"minecraft:jump":6295,"minecraft:interact_with_blast_furnace":1,"minecraft:walk_on_water_one_cm":25230,"minecraft:total_world_time":637972,"minecraft:interact_with_furnace":12,"minecraft:interact_with_stonecutter":1,"minecraft:interact_with_grindstone":1,"minecraft:sleep_in_bed":31,"minecraft:time_since_rest":5324,"minecraft:waystone_activated":2,"minecraft:damage_taken":39011,"tombstone:sneak_grave":2,"minecraft:damage_dealt":17187,"minecraft:swim_one_cm":19513,"minecraft:fly_one_cm":274400,"minecraft:open_chest":195,"minecraft:crouch_one_cm":44633,"tombstone:undead_killed":24,"minecraft:interact_with_smoker":2,"minecraft:fall_one_cm":131007},"minecraft:broken":{"minecraft:golden_helmet":1,"minecraft:iron_shovel":8,"minecraft:golden_boots":1,"minecraft:chainmail_leggings":2,"minecraft:iron_boots":1,"minecraft:wooden_pickaxe":1,"minecraft:golden_sword":1,"minecraft:iron_axe":6,"minecraft:leather_boots":1,"minecraft:iron_sword":1,"minecraft:iron_pickaxe":2,"minecraft:iron_helmet":1,"minecraft:golden_chestplate":1},"minecraft:picked_up":{"minecraft:charcoal":1,"minecraft:crafting_table":4,"minecraft:coarse_dirt":7,"minecraft:allium":11,"minecraft:azure_bluet":6,"boh:venison":4,"boh:spinel":20,"minecraft:enchanted_book":5,"minecraft:string":7,"mutantmonsters:mutant_skeleton_skull":2,"minecraft:raw_copper":13,"minecraft:iron_axe":1,"minecraft:smooth_stone_slab":9,"tacz:ammo":96,"minecraft:blackstone":4,"minecraft:cracked_stone_bricks":1,"minecraft:gold_nugget":4,"minecraft:smooth_stone":2,"minecraft:cobbled_deepslate":462,"minecraft:bucket":1,"farmersdelight:straw":1,"minecraft:calcite":36,"minecraft:iron_pickaxe":1,"minecraft:birch_sapling":24,"minecraft:egg":2,"minecraft:stick":199,"minecraft:raw_iron":23,"minecraft:torch":25,"minecraft:polished_blackstone_bricks":5,"pointblank:gunmetal_nugget":72,"tacz:attachment":1,"minecraft:pointed_dripstone":2,"tombstone:grave_dust":2,"minecraft:redstone":38,"minecraft:golden_chestplate":1,"mutantmonsters:mutant_skeleton_pelvis":1,"minecraft:arrow":54,"minecraft:rotten_flesh":19,"k_turrets:raw_titanium":1,"pvz_zengarden:zengarden_guide":1,"create:cut_calcite_bricks":1,"minecraft:cyan_terracotta":15,"mutantmonsters:mutant_skeleton_rib":3,"minecraft:saddle":1,"minecraft:gold_ingot":3,"mcwdoors:garage_white_door":9,"mutantmonsters:mutant_skeleton_shoulder_pad":1,"minecraft:blaze_rod":1,"minecraft:obsidian":6,"minecraft:iron_bars":2,"minecraft:snowball":4,"minecraft:rail":3,"minecraft:cobblestone":180,"minecraft:stripped_oak_log":3,"minecraft:birch_log":202,"minecraft:basalt":3,"minecraft:andesite":71,"minecraft:leather":1,"minecraft:birch_planks":11,"scalinghealth:bandages":2,"paraglider:spirit_orb":4,"minecraft:flint":23,"minecraft:tuff":59,"create:raw_zinc":23,"minecraft:oak_log":1309,"minecraft:golden_boots":1,"skilltree:gem":15,"farmersdelight:skillet":1,"minecraft:gunpowder":6,"minecraft:nether_wart_block":1,"scalinghealth:heart_crystal":4,"alexsmobs:rocky_shell":1,"minecraft:lapis_lazuli":11,"mutantmonsters:mutant_skeleton_limb":7,"minecraft:dirt":1824,"minecraft:bone":15,"minecraft:apple":28,"minecraft:stone_bricks":5,"boh:kindness_flower":1,"minecraft:bow":1,"minecraft:wheat_seeds":25,"minecraft:raw_gold":20,"scalinghealth:power_crystal_shard":1,"minecraft:oak_planks":62,"scalinghealth:heart_crystal_shard":5,"minecraft:smooth_basalt":2,"minecraft:dandelion":4,"minecraft:gravel":257,"minecraft:sand":82,"minecraft:amethyst_shard":5,"minecraft:spruce_sapling":15,"minecraft:ink_sac":5,"minecraft:spruce_log":18,"minecraft:mossy_cobblestone":4,"minecraft:barrel":1,"travelersbackpack:white_sleeping_bag":1,"travelersbackpack:wolf":1,"minecraft:bundle":1,"minecraft:diamond":26,"tacz:modern_kinetic_gun":5,"minecraft:chainmail_leggings":1,"minecraft:golden_horse_armor":1,"minecraft:oak_sapling":345,"minecraft:netherrack":86,"minecraft:coal":18,"minecraft:diamond_pickaxe":4},"minecraft:dropped":{"minecraft:enchanted_book":1,"boh:kindness_flower":1,"minecraft:birch_planks":3,"minecraft:wheat_seeds":17,"farmersdelight:skillet":1,"minecraft:cobblestone":5,"alexsmobs:rocky_shell":1,"minecraft:leather":1,"minecraft:saddle":1,"minecraft:rail":1,"alexsmobs:soul_heart":1,"minecraft:dirt":1,"pvz_zengarden:zengarden_guide":1,"scalinghealth:heart_crystal":1,"skilltree:gem":1,"tacz:modern_kinetic_gun":4,"minecraft:gold_nugget":3,"minecraft:iron_axe":2,"minecraft:string":3,"minecraft:smooth_basalt":2,"minecraft:dandelion":1,"minecraft:bone":4,"minecraft:gravel":1,"minecraft:iron_nugget":1,"minecraft:tuff":12,"minecraft:smooth_stone_slab":1,"alexsmobs:animal_dictionary":1,"minecraft:birch_sapling":1,"minecraft:rotten_flesh":16,"farmersdelight:straw":1,"pointblank:gunmetal_nugget":1,"farmersdelight:flint_knife":2,"travelersbackpack:white_sleeping_bag":1,"minecraft:andesite":1,"k_turrets:raw_titanium":1,"minecraft:oak_sapling":1,"minecraft:barrel":1,"minecraft:bow":1,"minecraft:calcite":4,"minecraft:arrow":44,"minecraft:stone_pickaxe":1},"minecraft:used":{"minecraft:iron_shovel":2017,"minecraft:chest":3,"minecraft:iron_sword":119,"minecraft:netherrack":91,"minecraft:oak_door":1,"minecraft:torch":24,"minecraft:dirt":1839,"mcwdoors:garage_white_door":9,"minecraft:diamond_helmet":1,"minecraft:tuff":6,"minecraft:golden_chestplate":1,"minecraft:azure_bluet":1,"minecraft:snowball":4,"minecraft:cyan_terracotta":56,"minecraft:lava_bucket":4,"boh:venison":4,"minecraft:iron_axe":1744,"minecraft:birch_sapling":39,"minecraft:stone_bricks":5,"minecraft:diamond_chestplate":1,"minecraft:golden_sword":30,"minecraft:basalt":3,"minecraft:oak_sapling":315,"minecraft:cooked_cod":8,"tombstone:gift":4,"minecraft:egg":2,"minecraft:cobbled_deepslate":429,"minecraft:calcite":32,"minecraft:water_bucket":5,"minecraft:wooden_pickaxe":58,"minecraft:birch_planks":68,"minecraft:oak_planks":1662,"minecraft:stone_pickaxe":117,"minecraft:red_nether_bricks":8,"minecraft:blackstone":4,"minecraft:polished_blackstone_bricks":5,"create:cut_calcite_bricks":4,"minecraft:sand":61,"minecraft:rail":2,"minecraft:crafting_table":7,"travelersbackpack:wolf":5,"mutantmonsters:mutant_skeleton_skull":2,"minecraft:oak_log":11,"minecraft:diamond_pickaxe":983,"minecraft:apple":18,"minecraft:iron_pickaxe":487,"tombstone:magic_scroll":2,"tombstone:grave_key":93,"minecraft:iron_door":2,"minecraft:gravel":1,"minecraft:nether_wart_block":2,"minecraft:diamond_sword":94,"minecraft:cobblestone":171,"toughasnails:purified_water_bottle":1,"minecraft:bucket":10,"minecraft:andesite":52,"minecraft:birch_log":3,"minecraft:andesite_stairs":8,"minecraft:smooth_stone_slab":8,"alexsmobs:animal_dictionary":2,"minecraft:stripped_oak_log":3,"minecraft:coarse_dirt":83,"minecraft:smooth_stone":2},"minecraft:killed":{"endofherobrine:silverfish":1,"minecraft:zombified_piglin":1,"minecraft:spider":1,"minecraft:phantom":2,"minecraft:skeleton":14,"minecraft:piglin":2,"mutantmonsters:mutant_skeleton":1,"minecraft:hoglin":1,"minecraft:creeper":5,"boh:deer":1,"mutantmonsters:creeper_minion":2,"minecraft:zombie":7,"mutantmonsters:mutant_creeper":1,"minecraft:wither_skeleton":1,"minecraft:blaze":8},"minecraft:crafted":{"minecraft:oak_planks":418,"minecraft:diamond_helmet":1,"minecraft:iron_axe":8,"tombstone:grave_key":1,"minecraft:stone_pickaxe":1,"minecraft:chest":3,"minecraft:golden_sword":1,"minecraft:diamond_sword":1,"minecraft:crafting_table":4,"farmersdelight:flint_knife":1,"minecraft:wooden_pickaxe":1,"minecraft:bucket":1,"minecraft:birch_planks":89,"minecraft:air":1644,"minecraft:diamond_pickaxe":1,"minecraft:stick":18,"minecraft:iron_pickaxe":2,"minecraft:andesite_stairs":8,"minecraft:iron_shovel":8,"minecraft:torch":6,"minecraft:diamond_chestplate":1},"minecraft:mined":{"create:zinc_ore":14,"create:deepslate_zinc_ore":9,"minecraft:tuff":62,"minecraft:oak_sapling":46,"minecraft:mossy_cobblestone":4,"minecraft:deepslate_diamond_ore":26,"create:cut_calcite_bricks":1,"mcwdoors:garage_white_door":9,"minecraft:obsidian":7,"minecraft:allium":6,"minecraft:grass_block":1674,"minecraft:cracked_polished_blackstone_bricks":3,"minecraft:soul_soil":3,"minecraft:spruce_leaves":8,"minecraft:spawner":2,"minecraft:smooth_stone":2,"minecraft:polished_blackstone_bricks":6,"minecraft:weeping_vines_plant":1,"minecraft:iron_ore":11,"minecraft:fire":9,"minecraft:cobbled_deepslate":9,"minecraft:andesite":77,"mutantmonsters:mutant_skeleton_wall_skull":1,"minecraft:deepslate_lapis_ore":2,"minecraft:azure_bluet":2,"minecraft:dirt_path":2,"minecraft:deepslate_iron_ore":12,"scalinghealth:deepslate_power_crystal_ore":1,"minecraft:stripped_oak_log":4,"minecraft:stone":160,"minecraft:deepslate_redstone_ore":8,"minecraft:cyan_terracotta":17,"minecraft:blackstone":3,"minecraft:soul_sand":2,"minecraft:crimson_nylium":1,"minecraft:soul_fire":1,"minecraft:basalt":7,"minecraft:dandelion":3,"scalinghealth:deepslate_heart_crystal_ore":5,"minecraft:crafting_table":4,"boh:kindness_flower":1,"minecraft:torch":7,"minecraft:calcite":17,"minecraft:copper_ore":2,"minecraft:cobblestone":11,"minecraft:deepslate_gold_ore":13,"minecraft:oak_planks":59,"minecraft:wall_torch":14,"minecraft:amethyst_block":5,"minecraft:birch_sapling":8,"minecraft:birch_planks":8,"minecraft:coarse_dirt":7,"boh:spinel_ore_ore":20,"minecraft:cobblestone_wall":1,"minecraft:nether_wart_block":5,"minecraft:birch_log":136,"minecraft:spruce_log":18,"minecraft:birch_leaves":6,"minecraft:smooth_stone_slab":1,"k_turrets:titanium_ore":1,"minecraft:grass":74,"minecraft:coal_ore":4,"minecraft:oak_log":1300,"minecraft:gravel":260,"minecraft:sand":82,"minecraft:dirt":113,"minecraft:cobweb":7,"minecraft:smooth_basalt":8,"minecraft:stone_bricks":5,"minecraft:netherrack":495,"minecraft:gold_ore":7,"minecraft:oak_leaves":197,"minecraft:deepslate":428},"minecraft:killed_by":{"mutantmonsters:mutant_zombie":3,"minecraft:zombified_piglin":8,"minecraft:wither_skeleton":3,"minecraft:piglin_brute":3,"minecraft:creeper":8,"minecraft:spider":1,"minecraft:piglin":4,"minecraft:hoglin":2,"mutantmonsters:mutant_skeleton":8,"minecraft:skeleton":48,"minecraft:blaze":6,"alexsmobs:soul_vulture":1,"minecraft:zombie":14}},"DataVersion":3465}